sample,image_path,mask_path,softness_score,width_q50,width_q90,mean_reliability,reliable_profiles,candidate_profiles,valid_profile_ratio,group
66793279te,data/SBU-shadow/SBU-Test/ShadowImages/66793279te.jpg,data/SBU-shadow/SBU-Test/ShadowMasks/66793279te.png,29.4988703452401,12.535647670342232,36.80183016219584,0.21527845928212627,120,273,0.43956043956043955,soft
h29_1,data/SBU-shadow/SBU-Test/ShadowImages/h29_1.jpg,data/SBU-shadow/SBU-Test/ShadowMasks/h29_1.png,25.19485979239039,21.23594949318602,40.2438763367295,0.034162610673991456,14,51,0.27450980392156865,soft
Brick_wall_in_shadow_and_light1,data/SBU-shadow/SBU-Test/ShadowImages/Brick_wall_in_shadow_and_light1.jpg,data/SBU-shadow/SBU-Test/ShadowMasks/Brick_wall_in_shadow_and_light1.png,21.32396189308335,10.842069970401948,28.0634278315176,0.07935839736101206,66,242,0.2727272727272727,soft
h83_1,data/SBU-shadow/SBU-Test/ShadowImages/h83_1.jpg,data/SBU-shadow/SBU-Test/ShadowMasks/h83_1.png,19.401262678130337,15.34465692262055,23.781908679638097,0.08635882123780902,88,114,0.7719298245614035,soft
4076135745_5f639e7916l,data/SBU-shadow/SBU-Test/ShadowImages/4076135745_5f639e7916l.jpg,data/SBU-shadow/SBU-Test/ShadowMasks/4076135745_5f639e7916l.png,19.101082325093266,16.188848538143393,29.64782194571506,0.12816767032477183,112,188,0.5957446808510638,soft
h86_1,data/SBU-shadow/SBU-Test/ShadowImages/h86_1.jpg,data/SBU-shadow/SBU-Test/ShadowMasks/h86_1.png,18.87659111626049,9.97982507055987,29.35356261038781,0.07029353400514193,88,179,0.49162011173184356,soft
h38_2,data/SBU-shadow/SBU-Test/ShadowImages/h38_2.jpg,data/SBU-shadow/SBU-Test/ShadowMasks/h38_2.png,18.28183660644473,10.672281499057195,23.4563561018756,0.05145282700388013,86,113,0.7610619469026548,soft
6163278,data/SBU-shadow/SBU-Test/ShadowImages/6163278.jpg,data/SBU-shadow/SBU-Test/ShadowMasks/6163278.png,17.930764798960734,7.708352348049604,24.234718494207915,0.11630363897996215,184,508,0.36220472440944884,soft
i-396229,data/SBU-shadow/SBU-Test/ShadowImages/i-396229.jpg,data/SBU-shadow/SBU-Test/ShadowMasks/i-396229.png,17.622651146845822,10.661629653068996,21.165806515103803,0.1213634543520852,65,85,0.7647058823529411,soft
RJW01princeton1152x870,data/SBU-shadow/SBU-Test/ShadowImages/RJW01princeton1152x870.jpg,data/SBU-shadow/SBU-Test/ShadowMasks/RJW01princeton1152x870.png,17.383070100316406,13.702961678116488,21.943781140320368,0.11622928669833603,212,245,0.8653061224489796,soft
P2180419te,data/SBU-shadow/SBU-Test/ShadowImages/P2180419te.jpg,data/SBU-shadow/SBU-Test/ShadowMasks/P2180419te.png,17.346547740852454,12.91309429917209,21.053104801210804,0.1710758482243156,89,153,0.5816993464052288,soft
COCO_train2014_000000010719,data/SBU-shadow/SBU-Test/ShadowImages/COCO_train2014_000000010719.jpg,data/SBU-shadow/SBU-Test/ShadowMasks/COCO_train2014_000000010719.png,16.934346608475487,7.307168711643479,24.375456382135688,0.10709704307914197,83,232,0.3577586206896552,soft
h64_3,data/SBU-shadow/SBU-Test/ShadowImages/h64_3.jpg,data/SBU-shadow/SBU-Test/ShadowMasks/h64_3.png,16.69987926782794,12.840226671508992,19.748209250716915,0.18865821002032565,106,123,0.8617886178861789,soft
h65_1,data/SBU-shadow/SBU-Test/ShadowImages/h65_1.jpg,data/SBU-shadow/SBU-Test/ShadowMasks/h65_1.png,16.636957033590765,8.289132367730204,26.8917803070481,0.16725502002038303,184,350,0.5257142857142857,soft
COCO_train2014_000000015409,data/SBU-shadow/SBU-Test/ShadowImages/COCO_train2014_000000015409.jpg,data/SBU-shadow/SBU-Test/ShadowMasks/COCO_train2014_000000015409.png,16.618250903164437,3.9379743042084527,23.644016402428193,0.20022718968551395,200,411,0.48661800486618007,soft
h46_1,data/SBU-shadow/SBU-Test/ShadowImages/h46_1.jpg,data/SBU-shadow/SBU-Test/ShadowMasks/h46_1.png,16.468216016024233,12.932596402449256,20.91528844907665,0.07777897125324383,84,114,0.7368421052631579,soft
somerset-garden-yurt-and-gypsy-caravan-large,data/SBU-shadow/SBU-Test/ShadowImages/somerset-garden-yurt-and-gypsy-caravan-large.jpg,data/SBU-shadow/SBU-Test/ShadowMasks/somerset-garden-yurt-and-gypsy-caravan-large.png,16.456865583947465,6.143793667791245,25.222890679607907,0.11988262138179885,216,455,0.4747252747252747,soft
Lake-Champlain-53-00-105911te,data/SBU-shadow/SBU-Test/ShadowImages/Lake-Champlain-53-00-105911te.jpg,data/SBU-shadow/SBU-Test/ShadowMasks/Lake-Champlain-53-00-105911te.png,16.418530884388318,4.214651127181962,18.66239598633542,0.09372072239570758,85,133,0.6390977443609023,soft
IMG_0888,data/SBU-shadow/SBU-Test/ShadowImages/IMG_0888.jpg,data/SBU-shadow/SBU-Test/ShadowMasks/IMG_0888.png,16.386610916675735,9.731468027737954,20.474952897713067,0.07076161937761637,52,68,0.7647058823529411,soft
87563,data/SBU-shadow/SBU-Test/ShadowImages/87563.jpg,data/SBU-shadow/SBU-Test/ShadowMasks/87563.png,16.21854117224919,9.730773015932206,25.95770102675455,0.13132466170886048,107,169,0.6331360946745562,soft
y_b2f01f1d,data/SBU-shadow/SBU-Test/ShadowImages/y_b2f01f1d.jpg,data/SBU-shadow/SBU-Test/ShadowMasks/y_b2f01f1d.png,16.11263893721253,9.072682936875733,21.927809810012867,0.13219607504982864,117,177,0.6610169491525424,soft
58039056,data/SBU-shadow/SBU-Test/ShadowImages/58039056.jpg,data/SBU-shadow/SBU-Test/ShadowMasks/58039056.png,16.0284838032497,9.888055551590215,21.002690474341197,0.15096157957743928,121,159,0.7610062893081762,soft
another-brick-on-the-wall,data/SBU-shadow/SBU-Test/ShadowImages/another-brick-on-the-wall.jpg,data/SBU-shadow/SBU-Test/ShadowMasks/another-brick-on-the-wall.png,15.95522718703031,7.247774782694648,18.36209572353354,0.2553547174411972,234,302,0.7748344370860927,soft
France-Tennis-French-Open-28-1880x1108,data/SBU-shadow/SBU-Test/ShadowImages/France-Tennis-French-Open-28-1880x1108.jpg,data/SBU-shadow/SBU-Test/ShadowMasks/France-Tennis-French-Open-28-1880x1108.png,15.949313747089128,5.058001957402876,23.11874608972803,0.13450017482231277,115,223,0.515695067264574,soft
41067466-winter-wintertide-wintertime-hibernate-he-coldest-season-of-the-year,data/SBU-shadow/SBU-Test/ShadowImages/41067466-winter-wintertide-wintertime-hibernate-he-coldest-season-of-the-year.jpg,data/SBU-shadow/SBU-Test/ShadowMasks/41067466-winter-wintertide-wintertime-hibernate-he-coldest-season-of-the-year.png,15.933189237276126,11.103780564111338,19.152407125442664,0.13753982022988231,183,259,0.7065637065637066,soft
tfile_image-4,data/SBU-shadow/SBU-Test/ShadowImages/tfile_image-4.jpg,data/SBU-shadow/SBU-Test/ShadowMasks/tfile_image-4.png,15.879411187776878,6.883446159603865,21.451053864794485,0.13083302751890685,76,133,0.5714285714285714,soft
pet-side5,data/SBU-shadow/SBU-Test/ShadowImages/pet-side5.jpg,data/SBU-shadow/SBU-Test/ShadowMasks/pet-side5.png,15.740776382351957,9.076633476878396,18.566591074176582,0.2320400793503601,116,187,0.6203208556149733,soft
h53_2,data/SBU-shadow/SBU-Test/ShadowImages/h53_2.jpg,data/SBU-shadow/SBU-Test/ShadowMasks/h53_2.png,15.698429501224268,10.353864383203456,19.83958028278967,0.15301382889714052,120,130,0.9230769230769231,soft
0400,data/SBU-shadow/SBU-Test/ShadowImages/0400.jpg,data/SBU-shadow/SBU-Test/ShadowMasks/0400.png,15.477683024902959,7.853531171367754,23.488883997964564,0.11672004112837069,105,214,0.49065420560747663,soft
7752524382_c5b7b977ba_b,data/SBU-shadow/SBU-Test/ShadowImages/7752524382_c5b7b977ba_b.jpg,data/SBU-shadow/SBU-Test/ShadowMasks/7752524382_c5b7b977ba_b.png,15.472831455755664,8.300324854480241,21.76990137694103,0.15400208373753324,267,377,0.7082228116710876,soft
65031697,data/SBU-shadow/SBU-Test/ShadowImages/65031697.jpg,data/SBU-shadow/SBU-Test/ShadowMasks/65031697.png,15.471770848584852,11.396802203834365,17.352298607530628,0.08113876321433659,100,222,0.45045045045045046,soft
40e38555d1cf1c161ef98ad386f79ff3,data/SBU-shadow/SBU-Test/ShadowImages/40e38555d1cf1c161ef98ad386f79ff3.jpg,data/SBU-shadow/SBU-Test/ShadowMasks/40e38555d1cf1c161ef98ad386f79ff3.png,15.465277957926428,6.887365887398317,19.40589386408261,0.10532573383128227,172,224,0.7678571428571429,soft
2178-1265288888gg9Kte,data/SBU-shadow/SBU-Test/ShadowImages/2178-1265288888gg9Kte.jpg,data/SBU-shadow/SBU-Test/ShadowMasks/2178-1265288888gg9Kte.png,15.258524741622676,10.52469975973446,18.917630519686192,0.0971874129298953,154,270,0.5703703703703704,soft
COCO_train2014_000000029426,data/SBU-shadow/SBU-Test/ShadowImages/COCO_train2014_000000029426.jpg,data/SBU-shadow/SBU-Test/ShadowMasks/COCO_train2014_000000029426.png,15.250037061920604,5.100449796424671,21.48387186730774,0.0962718725534213,198,539,0.3673469387755102,soft
9087823_b4ad25fe47_m,data/SBU-shadow/SBU-Test/ShadowImages/9087823_b4ad25fe47_m.jpg,data/SBU-shadow/SBU-Test/ShadowMasks/9087823_b4ad25fe47_m.png,15.236280371292818,10.671421063732788,19.34598145574779,0.3025815033116063,281,385,0.7298701298701299,soft
trompetista-firma,data/SBU-shadow/SBU-Test/ShadowImages/trompetista-firma.jpg,data/SBU-shadow/SBU-Test/ShadowMasks/trompetista-firma.png,15.1800680758128,4.196876994071391,21.927410257972273,0.1288579043572244,309,644,0.4798136645962733,soft
161303092,data/SBU-shadow/SBU-Test/ShadowImages/161303092.jpg,data/SBU-shadow/SBU-Test/ShadowMasks/161303092.png,15.177223967297985,7.008905693433315,22.455106827662817,0.18281104262780043,282,559,0.5044722719141324,soft
5-2003-088tes,data/SBU-shadow/SBU-Test/ShadowImages/5-2003-088tes.jpg,data/SBU-shadow/SBU-Test/ShadowMasks/5-2003-088tes.png,15.146427463518684,4.274242396496765,17.837300558058576,0.13497253661719902,31,56,0.5535714285714286,soft
DSCF1299,data/SBU-shadow/SBU-Test/ShadowImages/DSCF1299.jpg,data/SBU-shadow/SBU-Test/ShadowMasks/DSCF1299.png,15.093854611150988,3.941168310374991,23.682331894717198,0.15027839834492712,201,398,0.5050251256281407,soft
COCO_train2014_000000019905,data/SBU-shadow/SBU-Test/ShadowImages/COCO_train2014_000000019905.jpg,data/SBU-shadow/SBU-Test/ShadowMasks/COCO_train2014_000000019905.png,15.024827526309739,3.0293739497962373,17.313444866288176,0.21369336233935124,32,38,0.8421052631578947,soft
July-4th-Sports-01,data/SBU-shadow/SBU-Test/ShadowImages/July-4th-Sports-01.jpg,data/SBU-shadow/SBU-Test/ShadowMasks/July-4th-Sports-01.png,14.916516874270359,9.702826883971198,22.678473766321,0.0525759971526459,41,53,0.7735849056603774,soft
IS5qbsvp5oe4l80000000000,data/SBU-shadow/SBU-Test/ShadowImages/IS5qbsvp5oe4l80000000000.jpg,data/SBU-shadow/SBU-Test/ShadowMasks/IS5qbsvp5oe4l80000000000.png,14.813908546444452,3.8537814062879843,21.741534552752448,0.15302300218093248,136,240,0.5666666666666667,soft
Eurpoe-2012-I-285crt,data/SBU-shadow/SBU-Test/ShadowImages/Eurpoe-2012-I-285crt.jpg,data/SBU-shadow/SBU-Test/ShadowMasks/Eurpoe-2012-I-285crt.png,14.65606750271451,2.2865642830285062,16.936551585966907,0.3436590848222109,191,225,0.8488888888888889,soft
85804599,data/SBU-shadow/SBU-Test/ShadowImages/85804599.jpg,data/SBU-shadow/SBU-Test/ShadowMasks/85804599.png,14.647222900942257,5.556010223483421,21.99582198249963,0.25156478418359596,157,220,0.7136363636363636,soft
snow009,data/SBU-shadow/SBU-Test/ShadowImages/snow009.jpg,data/SBU-shadow/SBU-Test/ShadowMasks/snow009.png,14.624523394448357,8.439015363925424,17.624989504315696,0.14979566922968657,149,222,0.6711711711711712,soft
Intramural-Sports-ECU-1_LA_large,data/SBU-shadow/SBU-Test/ShadowImages/Intramural-Sports-ECU-1_LA_large.jpg,data/SBU-shadow/SBU-Test/ShadowMasks/Intramural-Sports-ECU-1_LA_large.png,14.622926683815859,6.913894276629244,22.838793554828893,0.10205538668854164,126,235,0.5361702127659574,soft
pup_zemli,data/SBU-shadow/SBU-Test/ShadowImages/pup_zemli.jpg,data/SBU-shadow/SBU-Test/ShadowMasks/pup_zemli.png,14.563877791521596,8.619133938431347,17.039478804139975,0.3046787502319387,70,101,0.693069306930693,soft
COCO_train2014_000000207811,data/SBU-shadow/SBU-Test/ShadowImages/COCO_train2014_000000207811.jpg,data/SBU-shadow/SBU-Test/ShadowMasks/COCO_train2014_000000207811.png,14.557117464413363,6.792531008972366,20.676396935357822,0.177704444516894,160,213,0.7511737089201878,soft
IMG_1145,data/SBU-shadow/SBU-Test/ShadowImages/IMG_1145.jpg,data/SBU-shadow/SBU-Test/ShadowMasks/IMG_1145.png,14.548036023405121,7.526915166334447,23.611831253499926,0.1754372067921752,225,359,0.6267409470752089,soft
Feature-Image-960x500,data/SBU-shadow/SBU-Test/ShadowImages/Feature-Image-960x500.jpg,data/SBU-shadow/SBU-Test/ShadowMasks/Feature-Image-960x500.png,14.501305738993645,5.544648325479717,17.3719126748519,0.19301708397410353,171,258,0.6627906976744186,soft
h28_2,data/SBU-shadow/SBU-Test/ShadowImages/h28_2.jpg,data/SBU-shadow/SBU-Test/ShadowMasks/h28_2.png,14.484681005392197,10.589704097807825,16.01530945338537,0.4113563349278513,114,116,0.9827586206896551,soft
h66_1,data/SBU-shadow/SBU-Test/ShadowImages/h66_1.jpg,data/SBU-shadow/SBU-Test/ShadowMasks/h66_1.png,14.446757307410323,8.128806478521637,20.811438536902195,0.14444387000220502,113,168,0.6726190476190477,soft
volcan-el-teide,data/SBU-shadow/SBU-Test/ShadowImages/volcan-el-teide.jpg,data/SBU-shadow/SBU-Test/ShadowMasks/volcan-el-teide.png,14.443163992822798,5.642417148863032,27.203130974405845,0.11024610326724438,149,326,0.4570552147239264,soft
linder_farms_20,data/SBU-shadow/SBU-Test/ShadowImages/linder_farms_20.jpg,data/SBU-shadow/SBU-Test/ShadowMasks/linder_farms_20.png,14.442580507316595,2.783678229205792,25.23184305394569,0.1516502837577962,510,1036,0.4922779922779923,soft
my_shadow_by_ryosiauw-d3339hb,data/SBU-shadow/SBU-Test/ShadowImages/my_shadow_by_ryosiauw-d3339hb.jpg,data/SBU-shadow/SBU-Test/ShadowMasks/my_shadow_by_ryosiauw-d3339hb.png,14.367172662600858,9.123036345776114,18.547153038997127,0.27682457049746834,210,251,0.8366533864541833,soft
mouldy-wall-in-bedroom,data/SBU-shadow/SBU-Test/ShadowImages/mouldy-wall-in-bedroom.jpg,data/SBU-shadow/SBU-Test/ShadowMasks/mouldy-wall-in-bedroom.png,14.329113761054959,4.601935577699101,22.721684824282573,0.23482492270912708,56,84,0.6666666666666666,soft
2015-winter-hike-tomasi_15-800x600te,data/SBU-shadow/SBU-Test/ShadowImages/2015-winter-hike-tomasi_15-800x600te.jpg,data/SBU-shadow/SBU-Test/ShadowMasks/2015-winter-hike-tomasi_15-800x600te.png,14.206279537508363,8.040126417351349,16.900679182292862,0.2011269887405306,81,94,0.8617021276595744,soft
COCO_train2014_000000240967,data/SBU-shadow/SBU-Test/ShadowImages/COCO_train2014_000000240967.jpg,data/SBU-shadow/SBU-Test/ShadowMasks/COCO_train2014_000000240967.png,14.15080040654837,6.993068396536996,24.313792862889187,0.1576353357815041,116,178,0.651685393258427,soft
000377-4fd0b3bfdda2c-L,data/SBU-shadow/SBU-Test/ShadowImages/000377-4fd0b3bfdda2c-L.jpg,data/SBU-shadow/SBU-Test/ShadowMasks/000377-4fd0b3bfdda2c-L.png,14.108229555439946,3.5090727424922337,19.580679565925983,0.17559598179646346,117,195,0.6,soft
picmtn_ct-00211-2,data/SBU-shadow/SBU-Test/ShadowImages/picmtn_ct-00211-2.jpg,data/SBU-shadow/SBU-Test/ShadowMasks/picmtn_ct-00211-2.png,14.000109977039827,8.339329401786449,19.79123219137498,0.1894327708749828,144,196,0.7346938775510204,soft
exams,data/SBU-shadow/SBU-Test/ShadowImages/exams.jpg,data/SBU-shadow/SBU-Test/ShadowMasks/exams.png,13.890189485238643,7.93049480603366,18.812426964183206,0.14520268192309801,202,222,0.9099099099099099,soft
h42_2,data/SBU-shadow/SBU-Test/ShadowImages/h42_2.jpg,data/SBU-shadow/SBU-Test/ShadowMasks/h42_2.png,13.884952932359615,11.134660820430767,17.267123589209305,0.08860965022962007,76,82,0.926829268292683,soft
165206163_4b58b9a66d_z,data/SBU-shadow/SBU-Test/ShadowImages/165206163_4b58b9a66d_z.jpg,data/SBU-shadow/SBU-Test/ShadowMasks/165206163_4b58b9a66d_z.png,13.831933437707313,9.355503325062344,19.220649459849568,0.176292409375581,68,90,0.7555555555555555,soft
h52_1,data/SBU-shadow/SBU-Test/ShadowImages/h52_1.jpg,data/SBU-shadow/SBU-Test/ShadowMasks/h52_1.png,13.818056823921669,9.887068872757103,17.45273661410612,0.18162607541808523,62,64,0.96875,soft
westovercfive,data/SBU-shadow/SBU-Test/ShadowImages/westovercfive.jpg,data/SBU-shadow/SBU-Test/ShadowMasks/westovercfive.png,13.81146958575952,2.9321571439369407,19.447260618403003,0.17537836435332368,148,273,0.5421245421245421,soft
IS-jwgobzy9rjod,data/SBU-shadow/SBU-Test/ShadowImages/IS-jwgobzy9rjod.jpg,data/SBU-shadow/SBU-Test/ShadowMasks/IS-jwgobzy9rjod.png,13.758883859695127,3.574244500618928,19.17173770801275,0.18166301022076678,121,235,0.5148936170212766,soft
rock-and-wood-3-600x400,data/SBU-shadow/SBU-Test/ShadowImages/rock-and-wood-3-600x400.jpg,data/SBU-shadow/SBU-Test/ShadowMasks/rock-and-wood-3-600x400.png,13.745975419797704,8.8287027139926,18.62202602175621,0.10060536575754389,117,245,0.4775510204081633,soft
Belvoir Park Golf Club 6th Hole Scenery,data/SBU-shadow/SBU-Test/ShadowImages/Belvoir Park Golf Club 6th Hole Scenery.jpg,data/SBU-shadow/SBU-Test/ShadowMasks/Belvoir Park Golf Club 6th Hole Scenery.png,13.736468531718197,5.248546967677592,18.975953643064425,0.13460905807966092,153,318,0.4811320754716981,soft
rot-blau-bunt glatt.png,data/SBU-shadow/SBU-Test/ShadowImages/rot-blau-bunt glatt.png.jpg,data/SBU-shadow/SBU-Test/ShadowMasks/rot-blau-bunt glatt.png.png,13.647214944689534,5.007098749042202,15.020632696191782,0.22036386947839864,154,168,0.9166666666666666,soft
product~p~6016T_01~1500.1,data/SBU-shadow/SBU-Test/ShadowImages/product~p~6016T_01~1500.1.jpg,data/SBU-shadow/SBU-Test/ShadowMasks/product~p~6016T_01~1500.1.png,13.629941169955158,4.830981651560515,19.579606224826065,0.16399843990484164,271,603,0.4494195688225539,soft
fileshare1,data/SBU-shadow/SBU-Test/ShadowImages/fileshare1.jpg,data/SBU-shadow/SBU-Test/ShadowMasks/fileshare1.png,13.609889850429013,7.808351323990191,24.804958382929378,0.30004574985180144,135,184,0.7336956521739131,soft
volcanicb,data/SBU-shadow/SBU-Test/ShadowImages/volcanicb.jpg,data/SBU-shadow/SBU-Test/ShadowMasks/volcanicb.png,13.574101378962283,4.821479778077773,24.672025010277572,0.11746976628620115,346,571,0.6059544658493871,soft
h30_2,data/SBU-shadow/SBU-Test/ShadowImages/h30_2.jpg,data/SBU-shadow/SBU-Test/ShadowMasks/h30_2.png,13.572072497096169,9.392716452594236,15.876509239017228,0.07228343926059702,110,123,0.8943089430894309,soft
u-lavish-wood-stain-sealer-home-depot-home-depot-waterproof-wood-stain-behr-solid-color-weatherproofing-wood-stain-home-depot-varathane-wood-stain-home-depot-low-voc-wood-stain-home-depot-wood,data/SBU-shadow/SBU-Test/ShadowImages/u-lavish-wood-stain-sealer-home-depot-home-depot-waterproof-wood-stain-behr-solid-color-weatherproofing-wood-stain-home-depot-varathane-wood-stain-home-depot-low-voc-wood-stain-home-depot-wood.jpg,data/SBU-shadow/SBU-Test/ShadowMasks/u-lavish-wood-stain-sealer-home-depot-home-depot-waterproof-wood-stain-behr-solid-color-weatherproofing-wood-stain-home-depot-varathane-wood-stain-home-depot-low-voc-wood-stain-home-depot-wood.png,13.569275622114883,3.533736920380374,20.535068660678185,0.17466167983073308,106,212,0.5,soft
e8f4a54s-960,data/SBU-shadow/SBU-Test/ShadowImages/e8f4a54s-960.jpg,data/SBU-shadow/SBU-Test/ShadowMasks/e8f4a54s-960.png,13.558414090884355,6.861465041560107,15.766282719585764,0.2551451226206887,158,218,0.7247706422018348,soft
COCO_train2014_000000107625,data/SBU-shadow/SBU-Test/ShadowImages/COCO_train2014_000000107625.jpg,data/SBU-shadow/SBU-Test/ShadowMasks/COCO_train2014_000000107625.png,13.550258440792598,8.309539078783933,21.693317289813002,0.05637801432853199,56,149,0.37583892617449666,soft
guvenlik-gorevlisi-kavgada-bicaklandi-IHA-20120723AW000154-3-t,data/SBU-shadow/SBU-Test/ShadowImages/guvenlik-gorevlisi-kavgada-bicaklandi-IHA-20120723AW000154-3-t.jpg,data/SBU-shadow/SBU-Test/ShadowMasks/guvenlik-gorevlisi-kavgada-bicaklandi-IHA-20120723AW000154-3-t.png,13.540886326019558,4.1578430117483665,16.702353591104405,0.1727632194954919,147,262,0.5610687022900763,soft
356_1189609164_sf_1,data/SBU-shadow/SBU-Test/ShadowImages/356_1189609164_sf_1.jpg,data/SBU-shadow/SBU-Test/ShadowMasks/356_1189609164_sf_1.png,13.540485213761587,6.613908486077555,26.500899935004547,0.10659871818809005,191,354,0.53954802259887,soft
1216851254719_f,data/SBU-shadow/SBU-Test/ShadowImages/1216851254719_f.jpg,data/SBU-shadow/SBU-Test/ShadowMasks/1216851254719_f.png,13.516205993049324,6.6162567454989665,17.993565502953523,0.23270806098985808,240,376,0.6382978723404256,soft
villa_paradis_beeld_5,data/SBU-shadow/SBU-Test/ShadowImages/villa_paradis_beeld_5.jpg,data/SBU-shadow/SBU-Test/ShadowMasks/villa_paradis_beeld_5.png,13.496348317329211,6.097093989592522,16.447634747128483,0.09405761452446328,91,115,0.7913043478260869,soft
COCO_train2014_000000206083,data/SBU-shadow/SBU-Test/ShadowImages/COCO_train2014_000000206083.jpg,data/SBU-shadow/SBU-Test/ShadowMasks/COCO_train2014_000000206083.png,13.481687454254649,3.609555107212267,21.59620682760074,0.27584603125336504,153,268,0.5708955223880597,soft
photocase4422822755116391,data/SBU-shadow/SBU-Test/ShadowImages/photocase4422822755116391.jpg,data/SBU-shadow/SBU-Test/ShadowMasks/photocase4422822755116391.png,13.46039943920298,11.49798164448484,16.03101059731464,0.14009634153378306,262,302,0.8675496688741722,soft
WQxOk9kU6qA,data/SBU-shadow/SBU-Test/ShadowImages/WQxOk9kU6qA.jpg,data/SBU-shadow/SBU-Test/ShadowMasks/WQxOk9kU6qA.png,13.450120547492965,8.054902414690712,17.439930844536878,0.17132394971882828,206,247,0.8340080971659919,soft
eaeca22s-960,data/SBU-shadow/SBU-Test/ShadowImages/eaeca22s-960.jpg,data/SBU-shadow/SBU-Test/ShadowMasks/eaeca22s-960.png,13.322670522193999,4.569669677282433,22.164661904822026,0.1320896770994786,173,347,0.49855907780979825,soft
lhiformag,data/SBU-shadow/SBU-Test/ShadowImages/lhiformag.jpg,data/SBU-shadow/SBU-Test/ShadowMasks/lhiformag.png,13.274914139347992,11.647476332490582,15.3475251980407,0.24869631573158096,115,185,0.6216216216216216,soft
bmb1lrg,data/SBU-shadow/SBU-Test/ShadowImages/bmb1lrg.jpg,data/SBU-shadow/SBU-Test/ShadowMasks/bmb1lrg.png,13.201700425626322,3.0188109775400083,19.09081938034091,0.2810966526236175,189,307,0.6156351791530945,soft
h63_1,data/SBU-shadow/SBU-Test/ShadowImages/h63_1.jpg,data/SBU-shadow/SBU-Test/ShadowMasks/h63_1.png,13.149038048916935,8.798301018624459,17.774838120007953,0.1741867201926264,125,140,0.8928571428571429,soft
-6554cbb23376e051,data/SBU-shadow/SBU-Test/ShadowImages/-6554cbb23376e051.jpg,data/SBU-shadow/SBU-Test/ShadowMasks/-6554cbb23376e051.png,13.132152574140758,2.5030227309560105,18.2813563170968,0.26967795540175027,122,271,0.45018450184501846,soft
Feb  2010 017,data/SBU-shadow/SBU-Test/ShadowImages/Feb  2010 017.jpg,data/SBU-shadow/SBU-Test/ShadowMasks/Feb  2010 017.png,13.126254903119541,11.064142317186382,14.764013963237256,0.31224039936181414,162,171,0.9473684210526315,soft
160301153401-predator-0-overlay-tease,data/SBU-shadow/SBU-Test/ShadowImages/160301153401-predator-0-overlay-tease.jpg,data/SBU-shadow/SBU-Test/ShadowMasks/160301153401-predator-0-overlay-tease.png,13.087203382470886,11.031530677175898,16.047367617754478,0.14500008608067422,96,100,0.96,soft
Deck-Stain-Colors-For-Pressure-Treated-Woodte,data/SBU-shadow/SBU-Test/ShadowImages/Deck-Stain-Colors-For-Pressure-Treated-Woodte.jpg,data/SBU-shadow/SBU-Test/ShadowMasks/Deck-Stain-Colors-For-Pressure-Treated-Woodte.png,13.079540671364542,7.480934012012724,17.68436808070786,0.15102011734533813,280,337,0.8308605341246291,soft
0014,data/SBU-shadow/SBU-Test/ShadowImages/0014.jpg,data/SBU-shadow/SBU-Test/ShadowMasks/0014.png,13.023086314567843,4.714614196687726,18.650005960033575,0.18151222825683136,194,312,0.6217948717948718,soft
11.wall,data/SBU-shadow/SBU-Test/ShadowImages/11.wall.jpg,data/SBU-shadow/SBU-Test/ShadowMasks/11.wall.png,12.995105618216495,7.048640723218619,16.429639995832236,0.17377455566126696,82,101,0.8118811881188119,soft
armadillo-1,data/SBU-shadow/SBU-Test/ShadowImages/armadillo-1.jpg,data/SBU-shadow/SBU-Test/ShadowMasks/armadillo-1.png,12.992906829577665,11.176589670776782,14.3387041163442,0.03748446967320315,18,147,0.12244897959183673,soft
COCO_train2014_000000028503,data/SBU-shadow/SBU-Test/ShadowImages/COCO_train2014_000000028503.jpg,data/SBU-shadow/SBU-Test/ShadowMasks/COCO_train2014_000000028503.png,12.982741779554868,5.506766866030772,18.278964129959636,0.151201391036478,161,256,0.62890625,soft
4-Shadow-300x226,data/SBU-shadow/SBU-Test/ShadowImages/4-Shadow-300x226.jpg,data/SBU-shadow/SBU-Test/ShadowMasks/4-Shadow-300x226.png,12.974869192297637,9.848299697219014,16.543654487347798,0.2693769102183621,445,506,0.8794466403162056,soft
Artist-Hugh-Hayden-Tennis-Chair-Table-ridiculously-fun,data/SBU-shadow/SBU-Test/ShadowImages/Artist-Hugh-Hayden-Tennis-Chair-Table-ridiculously-fun.jpg,data/SBU-shadow/SBU-Test/ShadowMasks/Artist-Hugh-Hayden-Tennis-Chair-Table-ridiculously-fun.png,12.948380206009904,5.927503448337393,27.978279647253963,0.2322504306932831,142,229,0.6200873362445415,middle
h26_1,data/SBU-shadow/SBU-Test/ShadowImages/h26_1.jpg,data/SBU-shadow/SBU-Test/ShadowMasks/h26_1.png,12.946101541514576,9.079532238230465,15.473348968481663,0.3318127341498405,90,96,0.9375,middle
p8010001-45,data/SBU-shadow/SBU-Test/ShadowImages/p8010001-45.jpg,data/SBU-shadow/SBU-Test/ShadowMasks/p8010001-45.png,12.902799275442256,8.01237367431402,18.94461830832875,0.20390637223814298,169,240,0.7041666666666667,middle
762302s-960,data/SBU-shadow/SBU-Test/ShadowImages/762302s-960.jpg,data/SBU-shadow/SBU-Test/ShadowMasks/762302s-960.png,12.856813243373855,4.123749225279404,19.407255866737867,0.19767900693233423,138,228,0.6052631578947368,middle
IMG_8180,data/SBU-shadow/SBU-Test/ShadowImages/IMG_8180.jpg,data/SBU-shadow/SBU-Test/ShadowMasks/IMG_8180.png,12.834491727533985,6.898834181840789,19.368104294874893,0.20488382367008473,166,228,0.7280701754385965,middle
275452_original,data/SBU-shadow/SBU-Test/ShadowImages/275452_original.jpg,data/SBU-shadow/SBU-Test/ShadowMasks/275452_original.png,12.798557459290139,3.1985157797146453,22.907284165508408,0.21133589233130318,288,616,0.4675324675324675,middle
Corbis-OR005180,data/SBU-shadow/SBU-Test/ShadowImages/Corbis-OR005180.jpg,data/SBU-shadow/SBU-Test/ShadowMasks/Corbis-OR005180.png,12.791268740270738,7.0918635304442255,21.805527697901585,0.20665725725859524,285,399,0.7142857142857143,middle
0,data/SBU-shadow/SBU-Test/ShadowImages/0.jpg,data/SBU-shadow/SBU-Test/ShadowMasks/0.png,12.7687297394058,6.437356857895213,16.99845158335874,0.21009322893070548,114,133,0.8571428571428571,middle
ralten,data/SBU-shadow/SBU-Test/ShadowImages/ralten.jpg,data/SBU-shadow/SBU-Test/ShadowMasks/ralten.png,12.755437955480847,6.97791347725402,16.446108789355474,0.19787485664440918,72,119,0.6050420168067226,middle
h107_1,data/SBU-shadow/SBU-Test/ShadowImages/h107_1.jpg,data/SBU-shadow/SBU-Test/ShadowMasks/h107_1.png,12.73805237512575,3.753510603317002,20.421853943564127,0.15997281730800855,94,141,0.6666666666666666,middle
NELER_YAAANDI38,data/SBU-shadow/SBU-Test/ShadowImages/NELER_YAAANDI38.jpg,data/SBU-shadow/SBU-Test/ShadowMasks/NELER_YAAANDI38.png,12.731429885785019,5.110918397486429,16.820341105725202,0.1873763490969745,130,214,0.6074766355140186,middle
h41_2,data/SBU-shadow/SBU-Test/ShadowImages/h41_2.jpg,data/SBU-shadow/SBU-Test/ShadowMasks/h41_2.png,12.699054250655927,7.608987546693512,14.296734362723184,0.2903978727150695,91,98,0.9285714285714286,middle
136,data/SBU-shadow/SBU-Test/ShadowImages/136.jpg,data/SBU-shadow/SBU-Test/ShadowMasks/136.png,12.680618987779113,2.6569555242664835,22.871275614714484,0.18478999020376868,371,713,0.520336605890603,middle
shadow+1,data/SBU-shadow/SBU-Test/ShadowImages/shadow+1.jpg,data/SBU-shadow/SBU-Test/ShadowMasks/shadow+1.png,12.6626760205974,10.49932744057142,15.134448426402212,0.3540317891141361,272,288,0.9444444444444444,middle
1B012110_083,data/SBU-shadow/SBU-Test/ShadowImages/1B012110_083.jpg,data/SBU-shadow/SBU-Test/ShadowMasks/1B012110_083.png,12.65745375546813,4.471591356749283,18.59164274424175,0.11055864616892892,318,595,0.534453781512605,middle
Serena-Williams-in-custom-Nikes,data/SBU-shadow/SBU-Test/ShadowImages/Serena-Williams-in-custom-Nikes.jpg,data/SBU-shadow/SBU-Test/ShadowMasks/Serena-Williams-in-custom-Nikes.png,12.634276452195277,5.984443102721215,20.04045085132712,0.06106583974926041,49,97,0.5051546391752577,middle
golden-quest-discovery-trail-sign,data/SBU-shadow/SBU-Test/ShadowImages/golden-quest-discovery-trail-sign.jpg,data/SBU-shadow/SBU-Test/ShadowMasks/golden-quest-discovery-trail-sign.png,12.61433514112047,4.606302368158554,17.59375152114711,0.22400550151523194,189,291,0.6494845360824743,middle
1537659aba1696,data/SBU-shadow/SBU-Test/ShadowImages/1537659aba1696.jpg,data/SBU-shadow/SBU-Test/ShadowMasks/1537659aba1696.png,12.543564234302035,5.184302847931058,18.607267480369195,0.21546217807304832,326,471,0.692144373673036,middle
uk_vehicles.10752.1,data/SBU-shadow/SBU-Test/ShadowImages/uk_vehicles.10752.1.jpg,data/SBU-shadow/SBU-Test/ShadowMasks/uk_vehicles.10752.1.png,12.509976073098782,4.880426656084389,17.873296531304824,0.12320517690235039,152,259,0.5868725868725869,middle
COCO_train2014_000000055298,data/SBU-shadow/SBU-Test/ShadowImages/COCO_train2014_000000055298.jpg,data/SBU-shadow/SBU-Test/ShadowMasks/COCO_train2014_000000055298.png,12.50312526544938,4.200753081617764,17.565463206850776,0.21965731731853128,253,451,0.5609756097560976,middle
snovwafwq,data/SBU-shadow/SBU-Test/ShadowImages/snovwafwq.jpg,data/SBU-shadow/SBU-Test/ShadowMasks/snovwafwq.png,12.405936355488912,8.12767208342517,14.732541893410524,0.293982349390137,138,152,0.9078947368421053,middle
caf3f4012fa7a55aba90d19313a48f9d,data/SBU-shadow/SBU-Test/ShadowImages/caf3f4012fa7a55aba90d19313a48f9d.jpg,data/SBU-shadow/SBU-Test/ShadowMasks/caf3f4012fa7a55aba90d19313a48f9d.png,12.402537845046526,6.473555898295233,19.41009848208053,0.13395289367088675,437,620,0.7048387096774194,middle
COCO_train2014_000000290969,data/SBU-shadow/SBU-Test/ShadowImages/COCO_train2014_000000290969.jpg,data/SBU-shadow/SBU-Test/ShadowMasks/COCO_train2014_000000290969.png,12.365703544831131,6.941271846146787,16.84202965663694,0.29491732382473673,377,648,0.5817901234567902,middle
onbrickwall,data/SBU-shadow/SBU-Test/ShadowImages/onbrickwall.jpg,data/SBU-shadow/SBU-Test/ShadowMasks/onbrickwall.png,12.318292026361927,3.6830652034155666,17.72116801343495,0.11357089372770147,91,176,0.5170454545454546,middle
4066360461_afd7fa30b6_z,data/SBU-shadow/SBU-Test/ShadowImages/4066360461_afd7fa30b6_z.jpg,data/SBU-shadow/SBU-Test/ShadowMasks/4066360461_afd7fa30b6_z.png,12.30536085604475,5.560489247235555,19.346968491579826,0.31922504470572827,535,977,0.5475946775844421,middle
89af18as-960,data/SBU-shadow/SBU-Test/ShadowImages/89af18as-960.jpg,data/SBU-shadow/SBU-Test/ShadowMasks/89af18as-960.png,12.255836557608712,8.17458565795542,17.37503848407301,0.38186478479779035,195,255,0.7647058823529411,middle
h37_1,data/SBU-shadow/SBU-Test/ShadowImages/h37_1.jpg,data/SBU-shadow/SBU-Test/ShadowMasks/h37_1.png,12.24861370634073,8.590605540314218,16.048806048746926,0.07202557463678619,98,111,0.8828828828828829,middle
pictures_nyc_spring_park_shadows,data/SBU-shadow/SBU-Test/ShadowImages/pictures_nyc_spring_park_shadows.jpg,data/SBU-shadow/SBU-Test/ShadowMasks/pictures_nyc_spring_park_shadows.png,12.20449119149814,7.326619226923778,17.42050278035004,0.18384068092863243,240,338,0.7100591715976331,middle
suzuki-xl7-luxury-08,data/SBU-shadow/SBU-Test/ShadowImages/suzuki-xl7-luxury-08.jpg,data/SBU-shadow/SBU-Test/ShadowMasks/suzuki-xl7-luxury-08.png,12.198253326072294,5.4168438423041145,15.313807135378834,0.14743816233925772,165,249,0.6626506024096386,middle
COCO_train2014_000000054849,data/SBU-shadow/SBU-Test/ShadowImages/COCO_train2014_000000054849.jpg,data/SBU-shadow/SBU-Test/ShadowMasks/COCO_train2014_000000054849.png,12.188955813203423,2.107495021392234,18.661942015598807,0.15975221186447158,51,100,0.51,middle
abc_nadal_070606_ssh,data/SBU-shadow/SBU-Test/ShadowImages/abc_nadal_070606_ssh.jpg,data/SBU-shadow/SBU-Test/ShadowMasks/abc_nadal_070606_ssh.png,12.163861843733851,4.075065831844585,16.20206144654353,0.09973034881404601,40,76,0.5263157894736842,middle
snow006,data/SBU-shadow/SBU-Test/ShadowImages/snow006.jpg,data/SBU-shadow/SBU-Test/ShadowMasks/snow006.png,12.159097211959692,7.337282996867209,16.861273005483643,0.34567893836979885,112,147,0.7619047619047619,middle
top-golf-wallpapers1,data/SBU-shadow/SBU-Test/ShadowImages/top-golf-wallpapers1.jpg,data/SBU-shadow/SBU-Test/ShadowMasks/top-golf-wallpapers1.png,12.15530505759487,6.693219323854536,20.659821965195462,0.10469163660069411,91,174,0.5229885057471264,middle
HarleyQuin_Shadow-1024x768crty,data/SBU-shadow/SBU-Test/ShadowImages/HarleyQuin_Shadow-1024x768crty.jpg,data/SBU-shadow/SBU-Test/ShadowMasks/HarleyQuin_Shadow-1024x768crty.png,12.121951468198233,5.061440372552843,17.268084997188087,0.12245667613679151,127,216,0.5879629629629629,middle
DerekMillercupofcopy-e1364567004145,data/SBU-shadow/SBU-Test/ShadowImages/DerekMillercupofcopy-e1364567004145.jpg,data/SBU-shadow/SBU-Test/ShadowMasks/DerekMillercupofcopy-e1364567004145.png,12.10915866906673,3.230933231680025,17.249013381161532,0.19227414870672482,110,128,0.859375,middle
h55_1,data/SBU-shadow/SBU-Test/ShadowImages/h55_1.jpg,data/SBU-shadow/SBU-Test/ShadowMasks/h55_1.png,12.106222726739244,8.649685631507435,15.801094398456385,0.10580007862826844,106,112,0.9464285714285714,middle
COCO_train2014_000000493880,data/SBU-shadow/SBU-Test/ShadowImages/COCO_train2014_000000493880.jpg,data/SBU-shadow/SBU-Test/ShadowMasks/COCO_train2014_000000493880.png,12.083619632264558,3.9643650860759245,19.498951095191806,0.0731878982404394,71,121,0.5867768595041323,middle
h_51890412,data/SBU-shadow/SBU-Test/ShadowImages/h_51890412.jpg,data/SBU-shadow/SBU-Test/ShadowMasks/h_51890412.png,12.067856054476467,5.2551722537319945,21.05447749375341,0.11926159167624599,85,146,0.5821917808219178,middle
h61_3,data/SBU-shadow/SBU-Test/ShadowImages/h61_3.jpg,data/SBU-shadow/SBU-Test/ShadowMasks/h61_3.png,12.038701224022537,8.217235010044329,16.306920786733947,0.22545178265638383,85,96,0.8854166666666666,middle
Enjoy-a-round-of-Golf-at-the-Black-River-Resort-or-White-Eurovalley-Gold-Park,data/SBU-shadow/SBU-Test/ShadowImages/Enjoy-a-round-of-Golf-at-the-Black-River-Resort-or-White-Eurovalley-Gold-Park.jpg,data/SBU-shadow/SBU-Test/ShadowMasks/Enjoy-a-round-of-Golf-at-the-Black-River-Resort-or-White-Eurovalley-Gold-Park.png,12.012676438845233,8.780067111307519,18.186453495505067,0.10783662401780349,118,179,0.659217877094972,middle
1910235_552929577624_730_n,data/SBU-shadow/SBU-Test/ShadowImages/1910235_552929577624_730_n.jpg,data/SBU-shadow/SBU-Test/ShadowMasks/1910235_552929577624_730_n.png,11.991857413612285,5.618494307080469,19.81560614604581,0.06088638721836436,88,211,0.41706161137440756,middle
697391te,data/SBU-shadow/SBU-Test/ShadowImages/697391te.jpg,data/SBU-shadow/SBU-Test/ShadowMasks/697391te.png,11.976018358433942,4.846654519552407,18.0497717642835,0.2175515143871213,263,372,0.706989247311828,middle
snow002,data/SBU-shadow/SBU-Test/ShadowImages/snow002.jpg,data/SBU-shadow/SBU-Test/ShadowMasks/snow002.png,11.96991776797536,5.765474791398835,16.416448287882083,0.26985038588387944,275,334,0.8233532934131736,middle
industry-ti-cycles-solid-bike-lifestyle-sequence-7te,data/SBU-shadow/SBU-Test/ShadowImages/industry-ti-cycles-solid-bike-lifestyle-sequence-7te.jpg,data/SBU-shadow/SBU-Test/ShadowMasks/industry-ti-cycles-solid-bike-lifestyle-sequence-7te.png,11.957656794143698,8.922597514820936,15.026555142624748,0.21979715038270442,211,262,0.8053435114503816,middle
DSC_0256,data/SBU-shadow/SBU-Test/ShadowImages/DSC_0256.jpg,data/SBU-shadow/SBU-Test/ShadowMasks/DSC_0256.png,11.901911180812453,4.4098344765275215,16.804265161626414,0.20783556257628427,223,319,0.6990595611285266,middle
pc292050,data/SBU-shadow/SBU-Test/ShadowImages/pc292050.jpg,data/SBU-shadow/SBU-Test/ShadowMasks/pc292050.png,11.873967764592441,4.089013205343814,15.669763690221696,0.1952978655484223,218,309,0.7055016181229773,middle
screw-rusty-wood-old-weathered,data/SBU-shadow/SBU-Test/ShadowImages/screw-rusty-wood-old-weathered.jpg,data/SBU-shadow/SBU-Test/ShadowMasks/screw-rusty-wood-old-weathered.png,11.872139701697385,2.6482445505713654,16.47854512779001,0.15229914683506993,56,144,0.3888888888888889,middle
h61_1,data/SBU-shadow/SBU-Test/ShadowImages/h61_1.jpg,data/SBU-shadow/SBU-Test/ShadowMasks/h61_1.png,11.86370950017349,9.9165468713811,14.337368124924222,0.18018582293499943,62,65,0.9538461538461539,middle
big_b3ea63ed1,data/SBU-shadow/SBU-Test/ShadowImages/big_b3ea63ed1.jpg,data/SBU-shadow/SBU-Test/ShadowMasks/big_b3ea63ed1.png,11.857131568655145,4.703812850266257,14.548202073058633,0.17470686621716963,238,331,0.7190332326283988,middle
132774691_9dd50d6ce4_z,data/SBU-shadow/SBU-Test/ShadowImages/132774691_9dd50d6ce4_z.jpg,data/SBU-shadow/SBU-Test/ShadowMasks/132774691_9dd50d6ce4_z.png,11.84841160876147,5.3941239216130885,16.952976775392166,0.21204265819222495,197,267,0.7378277153558053,middle
h32_1,data/SBU-shadow/SBU-Test/ShadowImages/h32_1.jpg,data/SBU-shadow/SBU-Test/ShadowMasks/h32_1.png,11.84227565328096,6.97645749591666,16.53070955705714,0.2126001599517218,120,135,0.8888888888888888,middle
shadow_sm,data/SBU-shadow/SBU-Test/ShadowImages/shadow_sm.jpg,data/SBU-shadow/SBU-Test/ShadowMasks/shadow_sm.png,11.836764970221594,9.066831251793255,14.92714691847032,0.35325536282878534,153,162,0.9444444444444444,middle
AB-Heart-shadows,data/SBU-shadow/SBU-Test/ShadowImages/AB-Heart-shadows.jpg,data/SBU-shadow/SBU-Test/ShadowMasks/AB-Heart-shadows.png,11.813583425387954,5.444174266834905,18.54577838892793,0.13785130937860532,226,420,0.5380952380952381,middle
COCO_train2014_000000208850,data/SBU-shadow/SBU-Test/ShadowImages/COCO_train2014_000000208850.jpg,data/SBU-shadow/SBU-Test/ShadowMasks/COCO_train2014_000000208850.png,11.795766836409747,2.795252098089325,17.646525788462725,0.11214939085520016,294,533,0.551594746716698,middle
DSC_2832,data/SBU-shadow/SBU-Test/ShadowImages/DSC_2832.jpg,data/SBU-shadow/SBU-Test/ShadowMasks/DSC_2832.png,11.792621078743384,6.359427217302003,17.96843518708646,0.26492785353397486,440,546,0.8058608058608059,middle
plitnyak-plitnyak_r-k_1-3-5,data/SBU-shadow/SBU-Test/ShadowImages/plitnyak-plitnyak_r-k_1-3-5.jpg,data/SBU-shadow/SBU-Test/ShadowMasks/plitnyak-plitnyak_r-k_1-3-5.png,11.766800592229787,3.317528745490667,18.596957428784087,0.20682891921987284,236,402,0.5870646766169154,middle
bmb2lrg,data/SBU-shadow/SBU-Test/ShadowImages/bmb2lrg.jpg,data/SBU-shadow/SBU-Test/ShadowMasks/bmb2lrg.png,11.756556636712464,2.5044400969384153,21.050860122260854,0.1543262062644261,338,740,0.45675675675675675,middle
snow016,data/SBU-shadow/SBU-Test/ShadowImages/snow016.jpg,data/SBU-shadow/SBU-Test/ShadowMasks/snow016.png,11.752739697697258,6.689866076561799,17.69331667193034,0.216399287569288,186,233,0.7982832618025751,middle
f9ec164093c4ec1623906b7096aeead7,data/SBU-shadow/SBU-Test/ShadowImages/f9ec164093c4ec1623906b7096aeead7.jpg,data/SBU-shadow/SBU-Test/ShadowMasks/f9ec164093c4ec1623906b7096aeead7.png,11.722896874534362,9.771984686460154,15.97684354292121,0.22000515646767269,98,102,0.9607843137254902,middle
2015_US_Open_Tennis_-_Qualies_-_Mayo_Hibi_(JPN)_def._Edina_Gallovits-Hall_(USA)_(20947526112),data/SBU-shadow/SBU-Test/ShadowImages/2015_US_Open_Tennis_-_Qualies_-_Mayo_Hibi_(JPN)_def._Edina_Gallovits-Hall_(USA)_(20947526112).jpg,data/SBU-shadow/SBU-Test/ShadowMasks/2015_US_Open_Tennis_-_Qualies_-_Mayo_Hibi_(JPN)_def._Edina_Gallovits-Hall_(USA)_(20947526112).png,11.708312049281345,2.7965762863643793,12.889744495787202,0.1579049516431227,98,152,0.6447368421052632,middle
fighting-pigs,data/SBU-shadow/SBU-Test/ShadowImages/fighting-pigs.jpg,data/SBU-shadow/SBU-Test/ShadowMasks/fighting-pigs.png,11.695489026009323,6.067681708879309,19.78096625584812,0.2847212554552159,289,403,0.71712158808933,middle
img-20140224105157-289,data/SBU-shadow/SBU-Test/ShadowImages/img-20140224105157-289.jpg,data/SBU-shadow/SBU-Test/ShadowMasks/img-20140224105157-289.png,11.654149945224216,4.076039885924852,14.163847177412084,0.26236343821528085,78,81,0.9629629629629629,middle
DSC_3811-Sunlight-shadow-Cathedral-Wash-Marble-Canyon-near-Lees-Ferry-Arizona-USA,data/SBU-shadow/SBU-Test/ShadowImages/DSC_3811-Sunlight-shadow-Cathedral-Wash-Marble-Canyon-near-Lees-Ferry-Arizona-USA.jpg,data/SBU-shadow/SBU-Test/ShadowMasks/DSC_3811-Sunlight-shadow-Cathedral-Wash-Marble-Canyon-near-Lees-Ferry-Arizona-USA.png,11.621923488014986,4.776543148067571,19.926896761503887,0.16920841470706005,364,819,0.4444444444444444,middle
7fcd048s-960,data/SBU-shadow/SBU-Test/ShadowImages/7fcd048s-960.jpg,data/SBU-shadow/SBU-Test/ShadowMasks/7fcd048s-960.png,11.601836856442915,7.0018816419663095,15.212492688316244,0.2133091338577418,107,147,0.7278911564625851,middle
brick-wall-split-face-close,data/SBU-shadow/SBU-Test/ShadowImages/brick-wall-split-face-close.jpg,data/SBU-shadow/SBU-Test/ShadowMasks/brick-wall-split-face-close.png,11.600487447001466,3.8532080300269405,16.816974172942384,0.17588065425101296,58,60,0.9666666666666667,middle
y_ee390791,data/SBU-shadow/SBU-Test/ShadowImages/y_ee390791.jpg,data/SBU-shadow/SBU-Test/ShadowMasks/y_ee390791.png,11.573727264092316,4.710017452338629,17.406866930996024,0.13923349005926866,116,209,0.5550239234449761,middle
338398251_04f8821e2e_z,data/SBU-shadow/SBU-Test/ShadowImages/338398251_04f8821e2e_z.jpg,data/SBU-shadow/SBU-Test/ShadowMasks/338398251_04f8821e2e_z.png,11.572231849341398,7.590045017339738,15.19733464543328,0.25777024970661094,174,250,0.696,middle
IMG_3939te,data/SBU-shadow/SBU-Test/ShadowImages/IMG_3939te.jpg,data/SBU-shadow/SBU-Test/ShadowMasks/IMG_3939te.png,11.568560864386136,8.781594692250208,14.955343705424415,0.14462829679807168,53,55,0.9636363636363636,middle
DSC_0498-Lengthening-limbs-Tomlinson-Theater-Temple-University-Philadelphia-Pennsylvania-USA-940x612,data/SBU-shadow/SBU-Test/ShadowImages/DSC_0498-Lengthening-limbs-Tomlinson-Theater-Temple-University-Philadelphia-Pennsylvania-USA-940x612.jpg,data/SBU-shadow/SBU-Test/ShadowMasks/DSC_0498-Lengthening-limbs-Tomlinson-Theater-Temple-University-Philadelphia-Pennsylvania-USA-940x612.png,11.518618705778819,3.117089091677033,22.777113587134572,0.08859444709995307,386,1001,0.3856143856143856,middle
h16_1,data/SBU-shadow/SBU-Test/ShadowImages/h16_1.jpg,data/SBU-shadow/SBU-Test/ShadowMasks/h16_1.png,11.515572078402153,7.95355911339947,14.389597702006412,0.15589008863257414,111,131,0.8473282442748091,middle
mt_saint_helens_winter-84,data/SBU-shadow/SBU-Test/ShadowImages/mt_saint_helens_winter-84.jpg,data/SBU-shadow/SBU-Test/ShadowMasks/mt_saint_helens_winter-84.png,11.48990550360985,9.058132464496504,15.284023560712107,0.21364988612679195,460,611,0.7528641571194763,middle
s_synagogue_outdoor_synagogue_000122,data/SBU-shadow/SBU-Test/ShadowImages/s_synagogue_outdoor_synagogue_000122.jpg,data/SBU-shadow/SBU-Test/ShadowMasks/s_synagogue_outdoor_synagogue_000122.png,11.472845486950535,6.3152153378250455,15.103869367480167,0.13018132046240502,125,224,0.5580357142857143,middle
nXmciBSn3PI,data/SBU-shadow/SBU-Test/ShadowImages/nXmciBSn3PI.jpg,data/SBU-shadow/SBU-Test/ShadowMasks/nXmciBSn3PI.png,11.441203216443505,5.312496293060121,17.789921936950464,0.18515649508067195,191,312,0.6121794871794872,middle
b11d352032ce224ad15a84ce844cc437,data/SBU-shadow/SBU-Test/ShadowImages/b11d352032ce224ad15a84ce844cc437.jpg,data/SBU-shadow/SBU-Test/ShadowMasks/b11d352032ce224ad15a84ce844cc437.png,11.415175544802686,2.668728127746188,15.685149702438336,0.4180054710957334,208,269,0.7732342007434945,middle
IMGP2024,data/SBU-shadow/SBU-Test/ShadowImages/IMGP2024.jpg,data/SBU-shadow/SBU-Test/ShadowMasks/IMGP2024.png,11.403691823136116,2.8475119325234886,20.28098035434531,0.10513375674786474,105,292,0.3595890410958904,middle
2239252te,data/SBU-shadow/SBU-Test/ShadowImages/2239252te.jpg,data/SBU-shadow/SBU-Test/ShadowMasks/2239252te.png,11.40120869880493,3.604551505142193,22.050827349824015,0.15588401564533347,413,753,0.548472775564409,middle
iceshantywhole_n2lscv,data/SBU-shadow/SBU-Test/ShadowImages/iceshantywhole_n2lscv.jpg,data/SBU-shadow/SBU-Test/ShadowMasks/iceshantywhole_n2lscv.png,11.39418368421837,5.956154876790818,17.86335008534004,0.17537950550743925,58,76,0.7631578947368421,middle
h57_2,data/SBU-shadow/SBU-Test/ShadowImages/h57_2.jpg,data/SBU-shadow/SBU-Test/ShadowMasks/h57_2.png,11.389004252718752,5.954608352395795,19.851146949899857,0.14871696559017883,76,99,0.7676767676767676,middle
h51_2,data/SBU-shadow/SBU-Test/ShadowImages/h51_2.jpg,data/SBU-shadow/SBU-Test/ShadowMasks/h51_2.png,11.377850833216725,5.6846542430755145,16.265835611065164,0.180173888780354,70,70,1.0,middle
lindsay-arnold-dancing-with-the-stars-celebs_3536513,data/SBU-shadow/SBU-Test/ShadowImages/lindsay-arnold-dancing-with-the-stars-celebs_3536513.jpg,data/SBU-shadow/SBU-Test/ShadowMasks/lindsay-arnold-dancing-with-the-stars-celebs_3536513.png,11.318132742449599,3.6219068441312645,16.016046923821015,0.2642989835184097,183,270,0.6777777777777778,middle
snow026,data/SBU-shadow/SBU-Test/ShadowImages/snow026.jpg,data/SBU-shadow/SBU-Test/ShadowMasks/snow026.png,11.310607932591019,5.640738093254416,15.941317740621857,0.23061025833475937,103,107,0.9626168224299065,middle
0a,data/SBU-shadow/SBU-Test/ShadowImages/0a.jpg,data/SBU-shadow/SBU-Test/ShadowMasks/0a.png,11.247795976184879,8.48398601633922,16.0995050260248,0.3456937998252836,84,88,0.9545454545454546,middle
IMG_4394te,data/SBU-shadow/SBU-Test/ShadowImages/IMG_4394te.jpg,data/SBU-shadow/SBU-Test/ShadowMasks/IMG_4394te.png,11.23774518697368,6.183216311630625,19.08069103060236,0.27733419945657567,75,147,0.5102040816326531,middle
rusCastle,data/SBU-shadow/SBU-Test/ShadowImages/rusCastle.jpg,data/SBU-shadow/SBU-Test/ShadowMasks/rusCastle.png,11.20865930995984,4.645574981594777,17.212175878366192,0.3018612627990887,443,626,0.707667731629393,middle
TwinPkSki-12-14-036,data/SBU-shadow/SBU-Test/ShadowImages/TwinPkSki-12-14-036.jpg,data/SBU-shadow/SBU-Test/ShadowMasks/TwinPkSki-12-14-036.png,11.191896949795694,7.746685280789862,16.908712756557634,0.20666509803374525,93,138,0.6739130434782609,middle
h19_1,data/SBU-shadow/SBU-Test/ShadowImages/h19_1.jpg,data/SBU-shadow/SBU-Test/ShadowMasks/h19_1.png,11.113519077186629,10.541823024104145,13.66341732810752,0.1401432013866365,135,158,0.8544303797468354,middle
industrialniy-parket_2001_12,data/SBU-shadow/SBU-Test/ShadowImages/industrialniy-parket_2001_12.jpg,data/SBU-shadow/SBU-Test/ShadowMasks/industrialniy-parket_2001_12.png,11.044246388626718,7.314467301194559,14.566760851650624,0.2221941437343277,281,295,0.9525423728813559,middle
398,data/SBU-shadow/SBU-Test/ShadowImages/398.jpg,data/SBU-shadow/SBU-Test/ShadowMasks/398.png,10.988280370337371,6.0354312466925055,14.392776645648034,0.26401189515953283,201,264,0.7613636363636364,middle
dsc_1149,data/SBU-shadow/SBU-Test/ShadowImages/dsc_1149.jpg,data/SBU-shadow/SBU-Test/ShadowMasks/dsc_1149.png,10.963349613362144,9.026912598950894,14.707118762756298,0.2884757417670106,89,102,0.8725490196078431,middle
h54_2,data/SBU-shadow/SBU-Test/ShadowImages/h54_2.jpg,data/SBU-shadow/SBU-Test/ShadowMasks/h54_2.png,10.920914359711212,8.907700792789235,18.008350362212767,0.12334289236695227,108,135,0.8,middle
m3xswdah0mvsmqy4qmxbq9k8t5i,data/SBU-shadow/SBU-Test/ShadowImages/m3xswdah0mvsmqy4qmxbq9k8t5i.jpg,data/SBU-shadow/SBU-Test/ShadowMasks/m3xswdah0mvsmqy4qmxbq9k8t5i.png,10.91551567269662,7.401421077835294,14.02757870379278,0.14164536488421925,125,149,0.8389261744966443,middle
o_5433,data/SBU-shadow/SBU-Test/ShadowImages/o_5433.jpg,data/SBU-shadow/SBU-Test/ShadowMasks/o_5433.png,10.911518610575177,8.64699651983735,14.209477418709866,0.48594321128283796,92,92,1.0,middle
dsc00652,data/SBU-shadow/SBU-Test/ShadowImages/dsc00652.jpg,data/SBU-shadow/SBU-Test/ShadowMasks/dsc00652.png,10.881740985718151,5.525557763439559,16.908119292798112,0.2998245972349088,262,327,0.8012232415902141,middle
h39_2,data/SBU-shadow/SBU-Test/ShadowImages/h39_2.jpg,data/SBU-shadow/SBU-Test/ShadowMasks/h39_2.png,10.879452731262404,7.329385557378422,15.130811065422108,0.02831069825035042,91,152,0.5986842105263158,middle
grass-track,data/SBU-shadow/SBU-Test/ShadowImages/grass-track.jpg,data/SBU-shadow/SBU-Test/ShadowMasks/grass-track.png,10.830435711963421,3.756612514094831,20.04056076268782,0.2032579289435934,94,150,0.6266666666666667,middle
h58_2,data/SBU-shadow/SBU-Test/ShadowImages/h58_2.jpg,data/SBU-shadow/SBU-Test/ShadowMasks/h58_2.png,10.829269970567964,5.980612192966428,18.122614424002748,0.15695194207626104,167,237,0.7046413502109705,middle
pintura1,data/SBU-shadow/SBU-Test/ShadowImages/pintura1.jpg,data/SBU-shadow/SBU-Test/ShadowMasks/pintura1.png,10.796280945106785,6.03304416605695,13.9232853948603,0.10362822478723502,160,526,0.3041825095057034,middle
a_aircraft_carrier_aircraft_carrier_47,data/SBU-shadow/SBU-Test/ShadowImages/a_aircraft_carrier_aircraft_carrier_47.jpg,data/SBU-shadow/SBU-Test/ShadowMasks/a_aircraft_carrier_aircraft_carrier_47.png,10.770643141796716,5.315388481204984,19.424026793870656,0.3274857178891024,121,249,0.4859437751004016,middle
Kapadokya turu 002,data/SBU-shadow/SBU-Test/ShadowImages/Kapadokya turu 002.jpg,data/SBU-shadow/SBU-Test/ShadowMasks/Kapadokya turu 002.png,10.728157969214935,6.064111016558675,15.660227779391798,0.25279146352859533,105,114,0.9210526315789473,middle
98386-prodaetsa-srupovert-lobzik-i-slifmasinka-0,data/SBU-shadow/SBU-Test/ShadowImages/98386-prodaetsa-srupovert-lobzik-i-slifmasinka-0.jpg,data/SBU-shadow/SBU-Test/ShadowMasks/98386-prodaetsa-srupovert-lobzik-i-slifmasinka-0.png,10.723352471495714,7.0023434719737825,15.046209388650395,0.2743456542024776,447,571,0.7828371278458844,middle
e19,data/SBU-shadow/SBU-Test/ShadowImages/e19.jpg,data/SBU-shadow/SBU-Test/ShadowMasks/e19.png,10.67273585735282,4.839518174194336,17.01668163485594,0.2818375054826473,243,365,0.6657534246575343,middle
860902_600,data/SBU-shadow/SBU-Test/ShadowImages/860902_600.jpg,data/SBU-shadow/SBU-Test/ShadowMasks/860902_600.png,10.664198013800673,6.534516853599786,17.292542429846478,0.24360754598620468,230,294,0.782312925170068,middle
Ranch,data/SBU-shadow/SBU-Test/ShadowImages/Ranch.jpg,data/SBU-shadow/SBU-Test/ShadowMasks/Ranch.png,10.615414857652572,3.3138627957289932,23.360328373711027,0.12140460676901173,237,454,0.5220264317180616,middle
COCO_train2014_000000237663,data/SBU-shadow/SBU-Test/ShadowImages/COCO_train2014_000000237663.jpg,data/SBU-shadow/SBU-Test/ShadowMasks/COCO_train2014_000000237663.png,10.612779991459817,2.9661994384828247,17.38498777740561,0.1380897089784731,38,52,0.7307692307692307,middle
0_87abb_79e7969_L,data/SBU-shadow/SBU-Test/ShadowImages/0_87abb_79e7969_L.jpg,data/SBU-shadow/SBU-Test/ShadowMasks/0_87abb_79e7969_L.png,10.603294593262657,5.611974917248452,18.60220482006258,0.1233755010497128,146,220,0.6636363636363637,middle
33174_2,data/SBU-shadow/SBU-Test/ShadowImages/33174_2.jpg,data/SBU-shadow/SBU-Test/ShadowMasks/33174_2.png,10.593802376738157,3.5555771644124787,19.37603524605952,0.2137229747689992,230,439,0.5239179954441914,middle
672502tes,data/SBU-shadow/SBU-Test/ShadowImages/672502tes.jpg,data/SBU-shadow/SBU-Test/ShadowMasks/672502tes.png,10.562871121846895,3.8233518172043426,14.583521691433234,0.24740274260744108,178,191,0.9319371727748691,middle
1310391610,data/SBU-shadow/SBU-Test/ShadowImages/1310391610.jpg,data/SBU-shadow/SBU-Test/ShadowMasks/1310391610.png,10.553848648147463,6.289308556505861,20.652746636147207,0.10612335028702222,87,179,0.4860335195530726,middle
picturepicture_5741757538559_30000,data/SBU-shadow/SBU-Test/ShadowImages/picturepicture_5741757538559_30000.jpg,data/SBU-shadow/SBU-Test/ShadowMasks/picturepicture_5741757538559_30000.png,10.551489623343794,3.753145137458917,15.6598537838946,0.11686119990380554,226,429,0.5268065268065268,middle
h43_1,data/SBU-shadow/SBU-Test/ShadowImages/h43_1.jpg,data/SBU-shadow/SBU-Test/ShadowMasks/h43_1.png,10.52970703387439,7.870924859331131,14.790700252415535,0.08600190394351734,76,82,0.926829268292683,middle
830192045,data/SBU-shadow/SBU-Test/ShadowImages/830192045.jpg,data/SBU-shadow/SBU-Test/ShadowMasks/830192045.png,10.511368868483498,5.359894249952059,14.793717977999595,0.2630253773009882,176,261,0.6743295019157088,middle
h68_1,data/SBU-shadow/SBU-Test/ShadowImages/h68_1.jpg,data/SBU-shadow/SBU-Test/ShadowMasks/h68_1.png,10.51068530282999,8.778969988968822,12.916663902958359,0.3572271934936525,138,142,0.971830985915493,middle
shadow-5cvx,data/SBU-shadow/SBU-Test/ShadowImages/shadow-5cvx.jpg,data/SBU-shadow/SBU-Test/ShadowMasks/shadow-5cvx.png,10.508098568551334,4.15607969559435,18.616842311603904,0.16807505598381406,145,228,0.6359649122807017,middle
is-dis-pig-dank-659794,data/SBU-shadow/SBU-Test/ShadowImages/is-dis-pig-dank-659794.jpg,data/SBU-shadow/SBU-Test/ShadowMasks/is-dis-pig-dank-659794.png,10.46541225252671,6.04528952613493,14.335201513819612,0.1374990440038176,109,138,0.7898550724637681,middle
lato sx,data/SBU-shadow/SBU-Test/ShadowImages/lato sx.jpg,data/SBU-shadow/SBU-Test/ShadowMasks/lato sx.png,10.414499498996692,3.0044697558708138,16.36166563291807,0.18228280694793586,231,276,0.8369565217391305,middle
DSCN5009,data/SBU-shadow/SBU-Test/ShadowImages/DSCN5009.jpg,data/SBU-shadow/SBU-Test/ShadowMasks/DSCN5009.png,10.410506434568946,4.880535321813104,14.336830146340672,0.23085182710183108,363,671,0.5409836065573771,middle
P1020227,data/SBU-shadow/SBU-Test/ShadowImages/P1020227.jpg,data/SBU-shadow/SBU-Test/ShadowMasks/P1020227.png,10.392874254899487,3.646890416598277,20.355876909241793,0.14164680422535803,138,241,0.5726141078838174,middle
Colorado_River_McBride_090926_,data/SBU-shadow/SBU-Test/ShadowImages/Colorado_River_McBride_090926_.jpg,data/SBU-shadow/SBU-Test/ShadowMasks/Colorado_River_McBride_090926_.png,10.368858805279345,2.871358065573194,21.209225797793458,0.13866453714215593,414,824,0.5024271844660194,middle
8380592495_0cc5c3d8a9_z,data/SBU-shadow/SBU-Test/ShadowImages/8380592495_0cc5c3d8a9_z.jpg,data/SBU-shadow/SBU-Test/ShadowMasks/8380592495_0cc5c3d8a9_z.png,10.362480777510363,5.950298794972273,15.897393570077119,0.33418261638261226,149,211,0.7061611374407583,middle
COCO_train2014_000000171269,data/SBU-shadow/SBU-Test/ShadowImages/COCO_train2014_000000171269.jpg,data/SBU-shadow/SBU-Test/ShadowMasks/COCO_train2014_000000171269.png,10.337446099101285,6.673950124156229,15.935918013160547,0.19220999660297597,88,124,0.7096774193548387,middle
michael-polzia-aerial-view-of-giraffes-and-trees-casting-long-shadows,data/SBU-shadow/SBU-Test/ShadowImages/michael-polzia-aerial-view-of-giraffes-and-trees-casting-long-shadows.jpg,data/SBU-shadow/SBU-Test/ShadowMasks/michael-polzia-aerial-view-of-giraffes-and-trees-casting-long-shadows.png,10.303550882799383,6.063316351657311,17.803693984036364,0.06910964258475526,55,173,0.3179190751445087,middle
Fokus-na-ekvatore,data/SBU-shadow/SBU-Test/ShadowImages/Fokus-na-ekvatore.jpg,data/SBU-shadow/SBU-Test/ShadowMasks/Fokus-na-ekvatore.png,10.208880443067875,4.913323264094882,14.60731711779578,0.20194481386413854,196,253,0.7747035573122529,middle
9ae7aca6ece57a46105a5e97fef2035f,data/SBU-shadow/SBU-Test/ShadowImages/9ae7aca6ece57a46105a5e97fef2035f.jpg,data/SBU-shadow/SBU-Test/ShadowMasks/9ae7aca6ece57a46105a5e97fef2035f.png,10.203156953579386,2.993291623841522,19.069157000933707,0.13804595838838046,162,456,0.35526315789473684,middle
COCO_train2014_000000164493,data/SBU-shadow/SBU-Test/ShadowImages/COCO_train2014_000000164493.jpg,data/SBU-shadow/SBU-Test/ShadowMasks/COCO_train2014_000000164493.png,10.199896331942961,4.950317155573355,14.776357676692236,0.18583871238400704,310,589,0.5263157894736842,middle
internazionali-tennis-roma2013-ford-italia-ford-kuga-fashion-blogger-25,data/SBU-shadow/SBU-Test/ShadowImages/internazionali-tennis-roma2013-ford-italia-ford-kuga-fashion-blogger-25.jpg,data/SBU-shadow/SBU-Test/ShadowMasks/internazionali-tennis-roma2013-ford-italia-ford-kuga-fashion-blogger-25.png,10.156390213951058,3.2605239968166986,15.617094833301994,0.14114959342395547,124,222,0.5585585585585585,middle
78579,data/SBU-shadow/SBU-Test/ShadowImages/78579.jpg,data/SBU-shadow/SBU-Test/ShadowMasks/78579.png,10.153997432543028,6.906165243879228,15.494792835107848,0.3916501041142813,168,202,0.8316831683168316,middle
h62_2,data/SBU-shadow/SBU-Test/ShadowImages/h62_2.jpg,data/SBU-shadow/SBU-Test/ShadowMasks/h62_2.png,10.144786258168832,6.690912430869561,16.786765314888495,0.09864683013484273,143,152,0.9407894736842105,middle
Artificial-Grass-for-Dogs-5,data/SBU-shadow/SBU-Test/ShadowImages/Artificial-Grass-for-Dogs-5.jpg,data/SBU-shadow/SBU-Test/ShadowMasks/Artificial-Grass-for-Dogs-5.png,10.133622156303357,6.035477683417127,16.87054969342532,0.14743962416221487,146,217,0.6728110599078341,middle
Winter-Blue-Shadow-e1392738446704,data/SBU-shadow/SBU-Test/ShadowImages/Winter-Blue-Shadow-e1392738446704.jpg,data/SBU-shadow/SBU-Test/ShadowMasks/Winter-Blue-Shadow-e1392738446704.png,10.092442511125405,7.472880257694474,12.150468274281835,0.1991564195096079,75,81,0.9259259259259259,middle
dsc06911,data/SBU-shadow/SBU-Test/ShadowImages/dsc06911.jpg,data/SBU-shadow/SBU-Test/ShadowMasks/dsc06911.png,10.083062726523025,5.825276758432341,16.16850795558465,0.2739485174256802,190,281,0.6761565836298933,middle
COCO_train2014_000000362553,data/SBU-shadow/SBU-Test/ShadowImages/COCO_train2014_000000362553.jpg,data/SBU-shadow/SBU-Test/ShadowMasks/COCO_train2014_000000362553.png,10.0652502377971,5.8724753367033475,14.186780855809575,0.11014312725988323,50,111,0.45045045045045046,middle
8697568_H7DmwAu1Jo5mnxQWKpnpnztLMYE9crTJw9DcJ0rIz2k,data/SBU-shadow/SBU-Test/ShadowImages/8697568_H7DmwAu1Jo5mnxQWKpnpnztLMYE9crTJw9DcJ0rIz2k.jpg,data/SBU-shadow/SBU-Test/ShadowMasks/8697568_H7DmwAu1Jo5mnxQWKpnpnztLMYE9crTJw9DcJ0rIz2k.png,10.049259966892023,6.183454670465479,13.238532695220458,0.5567174861577522,107,114,0.9385964912280702,middle
cusco-city-tour-half-day-in-cusco-232154,data/SBU-shadow/SBU-Test/ShadowImages/cusco-city-tour-half-day-in-cusco-232154.jpg,data/SBU-shadow/SBU-Test/ShadowMasks/cusco-city-tour-half-day-in-cusco-232154.png,9.963646090086327,4.113699753897631,16.179065329600988,0.17521445966887522,262,363,0.721763085399449,middle
Removing-Rust-Stains-From-Roof-2,data/SBU-shadow/SBU-Test/ShadowImages/Removing-Rust-Stains-From-Roof-2.jpg,data/SBU-shadow/SBU-Test/ShadowMasks/Removing-Rust-Stains-From-Roof-2.png,9.95856259306314,4.52281684967907,17.176072813431862,0.10986393983024408,153,201,0.7611940298507462,middle
1319615601_img_9770,data/SBU-shadow/SBU-Test/ShadowImages/1319615601_img_9770.jpg,data/SBU-shadow/SBU-Test/ShadowMasks/1319615601_img_9770.png,9.949844570508864,7.03227458386764,14.058998161203297,0.20520807285507578,106,138,0.7681159420289855,middle
wJyFq,data/SBU-shadow/SBU-Test/ShadowImages/wJyFq.jpg,data/SBU-shadow/SBU-Test/ShadowMasks/wJyFq.png,9.867427828927985,7.437905592808532,18.478801881958567,0.14397313584593915,41,83,0.4939759036144578,middle
COCO_train2014_000000036618,data/SBU-shadow/SBU-Test/ShadowImages/COCO_train2014_000000036618.jpg,data/SBU-shadow/SBU-Test/ShadowMasks/COCO_train2014_000000036618.png,9.858801242286177,2.6568555346689613,18.811644614345354,0.24003151215582905,69,137,0.5036496350364964,middle
3236142-700932-jpg_2982678,data/SBU-shadow/SBU-Test/ShadowImages/3236142-700932-jpg_2982678.jpg,data/SBU-shadow/SBU-Test/ShadowMasks/3236142-700932-jpg_2982678.png,9.83976382318606,3.3136098150289395,16.842292523616283,0.1823997737977792,99,166,0.5963855421686747,middle
brickwallte,data/SBU-shadow/SBU-Test/ShadowImages/brickwallte.jpg,data/SBU-shadow/SBU-Test/ShadowMasks/brickwallte.png,9.828053012388882,3.530593340832544,12.0306666519828,0.14305210677450986,131,167,0.7844311377245509,middle
shadowm1,data/SBU-shadow/SBU-Test/ShadowImages/shadowm1.jpg,data/SBU-shadow/SBU-Test/ShadowMasks/shadowm1.png,9.808540391899712,5.665931884890242,14.899311738221368,0.2162190414135044,183,209,0.8755980861244019,middle
h44_1,data/SBU-shadow/SBU-Test/ShadowImages/h44_1.jpg,data/SBU-shadow/SBU-Test/ShadowMasks/h44_1.png,9.801029461540413,7.912512228436748,12.64562955791878,0.1291333632521295,65,67,0.9701492537313433,middle
mozole-anit-bodrum-tas,data/SBU-shadow/SBU-Test/ShadowImages/mozole-anit-bodrum-tas.jpg,data/SBU-shadow/SBU-Test/ShadowMasks/mozole-anit-bodrum-tas.png,9.776483177286211,3.6309417567702464,14.380832833042136,0.29680782025810565,197,231,0.8528138528138528,middle
signalblue,data/SBU-shadow/SBU-Test/ShadowImages/signalblue.jpg,data/SBU-shadow/SBU-Test/ShadowMasks/signalblue.png,9.751547733824928,4.562003732564997,15.80352316596646,0.1700239952753987,172,256,0.671875,middle
north40place,data/SBU-shadow/SBU-Test/ShadowImages/north40place.jpg,data/SBU-shadow/SBU-Test/ShadowMasks/north40place.png,9.723093057295193,2.3246578754468716,17.185642403681666,0.22325084907568152,263,377,0.6976127320954907,middle
h33_1,data/SBU-shadow/SBU-Test/ShadowImages/h33_1.jpg,data/SBU-shadow/SBU-Test/ShadowMasks/h33_1.png,9.711341787392536,7.851780389838488,15.555261915727444,0.028756836588406942,43,159,0.27044025157232704,middle
ABDli-Leon-Sheppar-420-metrekarelik-evini-kedisine-miras-birakti_70846_8fbea,data/SBU-shadow/SBU-Test/ShadowImages/ABDli-Leon-Sheppar-420-metrekarelik-evini-kedisine-miras-birakti_70846_8fbea.jpg,data/SBU-shadow/SBU-Test/ShadowMasks/ABDli-Leon-Sheppar-420-metrekarelik-evini-kedisine-miras-birakti_70846_8fbea.png,9.697974259254249,2.459852592827666,17.385385731460897,0.12895179379475127,177,304,0.5822368421052632,middle
s4273329,data/SBU-shadow/SBU-Test/ShadowImages/s4273329.jpg,data/SBU-shadow/SBU-Test/ShadowMasks/s4273329.png,9.697026679838965,4.3478580267805365,17.408424988211866,0.19707148112553421,71,81,0.8765432098765432,middle
h20_1,data/SBU-shadow/SBU-Test/ShadowImages/h20_1.jpg,data/SBU-shadow/SBU-Test/ShadowMasks/h20_1.png,9.693407086484024,5.910285907398611,12.882316426756844,0.3627906092138599,75,82,0.9146341463414634,middle
image74735271,data/SBU-shadow/SBU-Test/ShadowImages/image74735271.jpg,data/SBU-shadow/SBU-Test/ShadowMasks/image74735271.png,9.69259839023668,4.350261415061409,15.056984143110348,0.2110121198587205,188,212,0.8867924528301887,middle
image_1326,data/SBU-shadow/SBU-Test/ShadowImages/image_1326.jpg,data/SBU-shadow/SBU-Test/ShadowMasks/image_1326.png,9.69059552143416,3.643271245607126,10.196660175597058,0.2408132891876562,80,140,0.5714285714285714,middle
rainier-aerial-shadow,data/SBU-shadow/SBU-Test/ShadowImages/rainier-aerial-shadow.jpg,data/SBU-shadow/SBU-Test/ShadowMasks/rainier-aerial-shadow.png,9.678152597072751,3.071886166968177,18.380686688035603,0.13352880305270506,178,301,0.5913621262458472,middle
42eda42s-960,data/SBU-shadow/SBU-Test/ShadowImages/42eda42s-960.jpg,data/SBU-shadow/SBU-Test/ShadowMasks/42eda42s-960.png,9.666775638431679,3.4097993135976807,13.686662333706908,0.14455256325063467,161,203,0.7931034482758621,middle
DSCN0531,data/SBU-shadow/SBU-Test/ShadowImages/DSCN0531.jpg,data/SBU-shadow/SBU-Test/ShadowMasks/DSCN0531.png,9.660617198318901,7.486880748772298,12.78180014456385,0.13165987680988692,202,238,0.8487394957983193,middle
shadows-on-field,data/SBU-shadow/SBU-Test/ShadowImages/shadows-on-field.jpg,data/SBU-shadow/SBU-Test/ShadowMasks/shadows-on-field.png,9.638288815982161,4.187189780892107,19.38501287953625,0.15040312385068072,129,282,0.4574468085106383,middle
4F2C3768,data/SBU-shadow/SBU-Test/ShadowImages/4F2C3768.jpg,data/SBU-shadow/SBU-Test/ShadowMasks/4F2C3768.png,9.631611700511835,5.698019624630721,14.273511688615176,0.12923038817970356,218,275,0.7927272727272727,middle
pianino-zvenigorod-l1360871,data/SBU-shadow/SBU-Test/ShadowImages/pianino-zvenigorod-l1360871.jpg,data/SBU-shadow/SBU-Test/ShadowMasks/pianino-zvenigorod-l1360871.png,9.598805812349353,5.406865847356087,14.608343715362727,0.24403331615665688,123,163,0.754601226993865,middle
h47_1,data/SBU-shadow/SBU-Test/ShadowImages/h47_1.jpg,data/SBU-shadow/SBU-Test/ShadowMasks/h47_1.png,9.588034030516493,7.2723779678423455,11.594002960539504,0.2525244133450605,116,116,1.0,middle
unique-bamboo-fence-designs-1000x600,data/SBU-shadow/SBU-Test/ShadowImages/unique-bamboo-fence-designs-1000x600.jpg,data/SBU-shadow/SBU-Test/ShadowMasks/unique-bamboo-fence-designs-1000x600.png,9.55305911020585,5.538746142822025,15.302417627765307,0.34921022282416814,61,70,0.8714285714285714,middle
COCO_train2014_000000008772,data/SBU-shadow/SBU-Test/ShadowImages/COCO_train2014_000000008772.jpg,data/SBU-shadow/SBU-Test/ShadowMasks/COCO_train2014_000000008772.png,9.542957509210147,3.3849330021202646,16.895840154549074,0.08082616936441443,146,312,0.46794871794871795,middle
309834_600,data/SBU-shadow/SBU-Test/ShadowImages/309834_600.jpg,data/SBU-shadow/SBU-Test/ShadowMasks/309834_600.png,9.517501771674034,5.228885890524065,16.212522047059785,0.12550783038588836,120,143,0.8391608391608392,middle
h36_1,data/SBU-shadow/SBU-Test/ShadowImages/h36_1.jpg,data/SBU-shadow/SBU-Test/ShadowMasks/h36_1.png,9.489686031764212,7.389284626896997,12.564870815116437,0.0891447559285031,111,132,0.8409090909090909,middle
maria-sharapova-2015-french-tennis-open-at-roland-garros-in-paris-3rd-round_18,data/SBU-shadow/SBU-Test/ShadowImages/maria-sharapova-2015-french-tennis-open-at-roland-garros-in-paris-3rd-round_18.jpg,data/SBU-shadow/SBU-Test/ShadowMasks/maria-sharapova-2015-french-tennis-open-at-roland-garros-in-paris-3rd-round_18.png,9.488005409837399,2.9419524567105464,17.379383502275566,0.08186573209241034,42,129,0.32558139534883723,middle
apr14b,data/SBU-shadow/SBU-Test/ShadowImages/apr14b.jpg,data/SBU-shadow/SBU-Test/ShadowMasks/apr14b.png,9.48151176472888,5.453373012969481,12.245817485677058,0.3144843256949056,166,266,0.6240601503759399,middle
10327_18,data/SBU-shadow/SBU-Test/ShadowImages/10327_18.jpg,data/SBU-shadow/SBU-Test/ShadowMasks/10327_18.png,9.476550921566492,4.492639149969547,14.422229926990417,0.24909266641600475,239,337,0.7091988130563798,middle
COCO_train2014_000000055135,data/SBU-shadow/SBU-Test/ShadowImages/COCO_train2014_000000055135.jpg,data/SBU-shadow/SBU-Test/ShadowMasks/COCO_train2014_000000055135.png,9.469870180670789,3.0371056388169277,15.631855142078376,0.14284602143712496,125,225,0.5555555555555556,middle
b01da9cacff7148dfbab19eeb76ea82b,data/SBU-shadow/SBU-Test/ShadowImages/b01da9cacff7148dfbab19eeb76ea82b.jpg,data/SBU-shadow/SBU-Test/ShadowMasks/b01da9cacff7148dfbab19eeb76ea82b.png,9.46052247836445,6.831686743957425,12.940064614097636,0.09003570297108664,228,247,0.9230769230769231,middle
COCO_train2014_000000029509,data/SBU-shadow/SBU-Test/ShadowImages/COCO_train2014_000000029509.jpg,data/SBU-shadow/SBU-Test/ShadowMasks/COCO_train2014_000000029509.png,9.456633400346952,4.179889524328025,17.290368153957374,0.2858304111588199,105,156,0.6730769230769231,middle
img_5802-2,data/SBU-shadow/SBU-Test/ShadowImages/img_5802-2.jpg,data/SBU-shadow/SBU-Test/ShadowMasks/img_5802-2.png,9.440708715818326,4.708004189837675,14.942347140039148,0.3091508108850263,189,274,0.6897810218978102,middle
COCO_train2014_000000023797,data/SBU-shadow/SBU-Test/ShadowImages/COCO_train2014_000000023797.jpg,data/SBU-shadow/SBU-Test/ShadowMasks/COCO_train2014_000000023797.png,9.435565483194008,3.8813993628403844,17.88125360716646,0.15042301947160944,111,179,0.6201117318435754,middle
x_40120bb0,data/SBU-shadow/SBU-Test/ShadowImages/x_40120bb0.jpg,data/SBU-shadow/SBU-Test/ShadowMasks/x_40120bb0.png,9.419824632182667,5.748279054928867,14.524090255993002,0.3368869916557389,206,225,0.9155555555555556,middle
COCO_train2014_000000009988,data/SBU-shadow/SBU-Test/ShadowImages/COCO_train2014_000000009988.jpg,data/SBU-shadow/SBU-Test/ShadowMasks/COCO_train2014_000000009988.png,9.344743540271951,3.9628017535889573,19.89927887186517,0.1555997418988194,157,265,0.5924528301886792,middle
shadow-of-a-street-sign-on-a-red-brick-wall-1558007,data/SBU-shadow/SBU-Test/ShadowImages/shadow-of-a-street-sign-on-a-red-brick-wall-1558007.jpg,data/SBU-shadow/SBU-Test/ShadowMasks/shadow-of-a-street-sign-on-a-red-brick-wall-1558007.png,9.33469980324952,8.098634166435938,10.955444793981847,0.08189143078272858,136,157,0.8662420382165605,middle
pavement-shadow,data/SBU-shadow/SBU-Test/ShadowImages/pavement-shadow.jpg,data/SBU-shadow/SBU-Test/ShadowMasks/pavement-shadow.png,9.314814780544694,2.792664910793932,17.349869050283157,0.08428899639196535,142,230,0.6173913043478261,middle
COCO_train2014_000000022355,data/SBU-shadow/SBU-Test/ShadowImages/COCO_train2014_000000022355.jpg,data/SBU-shadow/SBU-Test/ShadowMasks/COCO_train2014_000000022355.png,9.311683920120993,3.261753570640319,15.159428663994367,0.22020673748262728,343,565,0.6070796460176991,middle
8ccb88s-960,data/SBU-shadow/SBU-Test/ShadowImages/8ccb88s-960.jpg,data/SBU-shadow/SBU-Test/ShadowMasks/8ccb88s-960.png,9.305328233555072,6.3363242731374445,11.790190268071072,0.4103528759781536,174,202,0.8613861386138614,middle
160106_s2,data/SBU-shadow/SBU-Test/ShadowImages/160106_s2.jpg,data/SBU-shadow/SBU-Test/ShadowMasks/160106_s2.png,9.304125255723719,4.9049198325910695,14.618789776111061,0.14105913283056237,204,326,0.6257668711656442,middle
COCO_train2014_000000144561,data/SBU-shadow/SBU-Test/ShadowImages/COCO_train2014_000000144561.jpg,data/SBU-shadow/SBU-Test/ShadowMasks/COCO_train2014_000000144561.png,9.30121528464019,5.1351813477847434,13.566110268736985,0.0751590366166994,192,310,0.6193548387096774,middle
COCO_train2014_000000151101,data/SBU-shadow/SBU-Test/ShadowImages/COCO_train2014_000000151101.jpg,data/SBU-shadow/SBU-Test/ShadowMasks/COCO_train2014_000000151101.png,9.294173358045356,2.723111771955243,22.27296054511453,0.22411145973577798,181,269,0.6728624535315985,middle
vfR_3BI-GaE,data/SBU-shadow/SBU-Test/ShadowImages/vfR_3BI-GaE.jpg,data/SBU-shadow/SBU-Test/ShadowMasks/vfR_3BI-GaE.png,9.244079329006421,3.925251740279964,18.57014320904685,0.19157651494539701,160,296,0.5405405405405406,middle
roger-federer-of-switzerland-serves-against-ivo-karlovic-of-croatia-during-the-sony-open-at-crandon-park-tennis-centre-in-key-biscayne-florida-afpclive-brunskill-1461092-roger-federer-of,data/SBU-shadow/SBU-Test/ShadowImages/roger-federer-of-switzerland-serves-against-ivo-karlovic-of-croatia-during-the-sony-open-at-crandon-park-tennis-centre-in-key-biscayne-florida-afpclive-brunskill-1461092-roger-federer-of.jpg,data/SBU-shadow/SBU-Test/ShadowMasks/roger-federer-of-switzerland-serves-against-ivo-karlovic-of-croatia-during-the-sony-open-at-crandon-park-tennis-centre-in-key-biscayne-florida-afpclive-brunskill-1461092-roger-federer-of.png,9.228771790543643,3.2542895106667276,18.447614394077107,0.3259958616824851,81,187,0.43315508021390375,middle
12467944,data/SBU-shadow/SBU-Test/ShadowImages/12467944.jpg,data/SBU-shadow/SBU-Test/ShadowMasks/12467944.png,9.224984084582664,3.4606434948572895,14.717388778952955,0.1220964434544939,223,421,0.5296912114014252,middle
s-decorative-sammy-kershaw-red-wood-deck-redwood-deck-designs-redwood-deck-restore-redwood-deck-design-redwood-deck-cleaning-procedures-redwood-deck-cleaner-redwood-deck-construction-details-retes,data/SBU-shadow/SBU-Test/ShadowImages/s-decorative-sammy-kershaw-red-wood-deck-redwood-deck-designs-redwood-deck-restore-redwood-deck-design-redwood-deck-cleaning-procedures-redwood-deck-cleaner-redwood-deck-construction-details-retes.jpg,data/SBU-shadow/SBU-Test/ShadowMasks/s-decorative-sammy-kershaw-red-wood-deck-redwood-deck-designs-redwood-deck-restore-redwood-deck-design-redwood-deck-cleaning-procedures-redwood-deck-cleaner-redwood-deck-construction-details-retes.png,9.224323161135992,7.320035997187944,11.212810388922964,0.27183956820050986,138,209,0.6602870813397129,middle
photobrickwall,data/SBU-shadow/SBU-Test/ShadowImages/photobrickwall.jpg,data/SBU-shadow/SBU-Test/ShadowMasks/photobrickwall.png,9.195339047760314,6.056507317702692,14.56127205320559,0.3967130657400471,139,140,0.9928571428571429,middle
20141217_151710,data/SBU-shadow/SBU-Test/ShadowImages/20141217_151710.jpg,data/SBU-shadow/SBU-Test/ShadowMasks/20141217_151710.png,9.152521897878307,3.228935825446488,17.887078956975657,0.22212460828155772,224,374,0.5989304812834224,middle
UCA-2t,data/SBU-shadow/SBU-Test/ShadowImages/UCA-2t.jpg,data/SBU-shadow/SBU-Test/ShadowMasks/UCA-2t.png,9.152184443523923,2.329623182805274,12.61242688334363,0.25630942945606777,228,343,0.6647230320699709,middle
bo6h1buxz3ju,data/SBU-shadow/SBU-Test/ShadowImages/bo6h1buxz3ju.jpg,data/SBU-shadow/SBU-Test/ShadowMasks/bo6h1buxz3ju.png,9.142039427244466,5.80910633662431,13.314903035464226,0.2742109374427055,287,369,0.7777777777777778,middle
COCO_train2014_000000005396,data/SBU-shadow/SBU-Test/ShadowImages/COCO_train2014_000000005396.jpg,data/SBU-shadow/SBU-Test/ShadowMasks/COCO_train2014_000000005396.png,9.134415868101055,2.6386065210495104,15.933070314459775,0.11149349718392786,110,180,0.6111111111111112,middle
IMG_3326,data/SBU-shadow/SBU-Test/ShadowImages/IMG_3326.jpg,data/SBU-shadow/SBU-Test/ShadowMasks/IMG_3326.png,9.104463223224712,3.6330783010189007,15.06944612241333,0.203241487710141,219,322,0.6801242236024845,middle
h8_2,data/SBU-shadow/SBU-Test/ShadowImages/h8_2.jpg,data/SBU-shadow/SBU-Test/ShadowMasks/h8_2.png,9.101329465682555,4.847473300213243,11.075240187336973,0.16171491701710528,82,94,0.8723404255319149,middle
h45_1,data/SBU-shadow/SBU-Test/ShadowImages/h45_1.jpg,data/SBU-shadow/SBU-Test/ShadowMasks/h45_1.png,9.095407122897086,7.678290170221027,12.201685168105827,0.28332826211628037,64,72,0.8888888888888888,middle
Sanctuary_view_dayte,data/SBU-shadow/SBU-Test/ShadowImages/Sanctuary_view_dayte.jpg,data/SBU-shadow/SBU-Test/ShadowMasks/Sanctuary_view_dayte.png,9.080045339801172,4.095619245139928,16.327562595502567,0.1419143836689806,286,392,0.7295918367346939,middle
h60_1,data/SBU-shadow/SBU-Test/ShadowImages/h60_1.jpg,data/SBU-shadow/SBU-Test/ShadowMasks/h60_1.png,9.060648913624195,6.815356508053334,11.569663726616472,0.2593534335145698,86,95,0.9052631578947369,middle
COCO_train2014_000000005688,data/SBU-shadow/SBU-Test/ShadowImages/COCO_train2014_000000005688.jpg,data/SBU-shadow/SBU-Test/ShadowMasks/COCO_train2014_000000005688.png,9.002498936191246,2.2750209750426644,19.375897763235468,0.12877062270708203,151,281,0.5373665480427047,middle
507447-GEAR-LEVER-HOUSING-GRUB-SCREW,data/SBU-shadow/SBU-Test/ShadowImages/507447-GEAR-LEVER-HOUSING-GRUB-SCREW.jpg,data/SBU-shadow/SBU-Test/ShadowMasks/507447-GEAR-LEVER-HOUSING-GRUB-SCREW.png,8.998301010435718,5.928632861396005,12.908367857554369,0.21252530132662492,48,109,0.44036697247706424,middle
571_www_dekobeton_com_tr_UYGULAMA_RESIMLERIMIZ,data/SBU-shadow/SBU-Test/ShadowImages/571_www_dekobeton_com_tr_UYGULAMA_RESIMLERIMIZ.jpg,data/SBU-shadow/SBU-Test/ShadowMasks/571_www_dekobeton_com_tr_UYGULAMA_RESIMLERIMIZ.png,8.953987836463243,4.749603740131942,17.157851686874217,0.13214673073617708,277,647,0.4281298299845441,middle
h40_1,data/SBU-shadow/SBU-Test/ShadowImages/h40_1.jpg,data/SBU-shadow/SBU-Test/ShadowMasks/h40_1.png,8.914701823776998,7.78312457445647,12.155803403612284,0.03599992851215776,15,57,0.2631578947368421,middle
user50095_pic58592_1376777578,data/SBU-shadow/SBU-Test/ShadowImages/user50095_pic58592_1376777578.jpg,data/SBU-shadow/SBU-Test/ShadowMasks/user50095_pic58592_1376777578.png,8.877612237227115,6.438198202736193,11.735379804805458,0.1861188738571368,141,146,0.9657534246575342,middle
8046378500_f1e7f87604_k-768x576,data/SBU-shadow/SBU-Test/ShadowImages/8046378500_f1e7f87604_k-768x576.jpg,data/SBU-shadow/SBU-Test/ShadowMasks/8046378500_f1e7f87604_k-768x576.png,8.830795935155303,4.358639804053891,15.6534292898673,0.16734690055576115,58,108,0.5370370370370371,middle
pechi-bannye-mangaly-i-drugie-metalloizd.1.b,data/SBU-shadow/SBU-Test/ShadowImages/pechi-bannye-mangaly-i-drugie-metalloizd.1.b.jpg,data/SBU-shadow/SBU-Test/ShadowMasks/pechi-bannye-mangaly-i-drugie-metalloizd.1.b.png,8.815913813743574,2.939103096670477,16.339582390047045,0.1650091084894056,233,399,0.5839598997493735,middle
P1090138-300x225,data/SBU-shadow/SBU-Test/ShadowImages/P1090138-300x225.jpg,data/SBU-shadow/SBU-Test/ShadowMasks/P1090138-300x225.png,8.81077359741541,3.238707000214063,13.658048997391406,0.19973348619380157,294,484,0.6074380165289256,middle
h50_1,data/SBU-shadow/SBU-Test/ShadowImages/h50_1.jpg,data/SBU-shadow/SBU-Test/ShadowMasks/h50_1.png,8.8075703195773,5.232766753155284,12.50295111126469,0.19792227890929018,89,91,0.978021978021978,middle
dsc7147,data/SBU-shadow/SBU-Test/ShadowImages/dsc7147.jpg,data/SBU-shadow/SBU-Test/ShadowMasks/dsc7147.png,8.803459108145782,3.335187593659029,12.03193891064814,0.40734913627723773,32,35,0.9142857142857143,middle
mitch-diamond-jogger-on-desert-road,data/SBU-shadow/SBU-Test/ShadowImages/mitch-diamond-jogger-on-desert-road.jpg,data/SBU-shadow/SBU-Test/ShadowMasks/mitch-diamond-jogger-on-desert-road.png,8.801710218194167,5.509336875517281,11.536108622504416,0.09348108098907194,113,144,0.7847222222222222,middle
img_6300,data/SBU-shadow/SBU-Test/ShadowImages/img_6300.jpg,data/SBU-shadow/SBU-Test/ShadowMasks/img_6300.png,8.777837104639275,3.2270909649950177,20.209097192461694,0.0976771779696838,204,429,0.4755244755244755,middle
snow029,data/SBU-shadow/SBU-Test/ShadowImages/snow029.jpg,data/SBU-shadow/SBU-Test/ShadowMasks/snow029.png,8.774099611935249,3.280524967934624,17.702774101540403,0.16187827511753217,109,181,0.6022099447513812,middle
U2_-_Under_a_Blood_Red_Sky,data/SBU-shadow/SBU-Test/ShadowImages/U2_-_Under_a_Blood_Red_Sky.jpg,data/SBU-shadow/SBU-Test/ShadowMasks/U2_-_Under_a_Blood_Red_Sky.png,8.741985669479762,7.346203761669548,11.08923188663029,0.11474233717076097,142,186,0.7634408602150538,middle
12_3_-_Only_the_shadow_knows,data/SBU-shadow/SBU-Test/ShadowImages/12_3_-_Only_the_shadow_knows.jpg,data/SBU-shadow/SBU-Test/ShadowMasks/12_3_-_Only_the_shadow_knows.png,8.680230240517954,7.2540376621106,11.921621303016687,0.16126843564616195,103,108,0.9537037037037037,middle
05,data/SBU-shadow/SBU-Test/ShadowImages/05.jpg,data/SBU-shadow/SBU-Test/ShadowMasks/05.png,8.561501036293718,2.5735532858577495,13.536496741520926,0.2159162737713198,165,273,0.6043956043956044,middle
screen_shot_2014-12-24_at_5.06.47_pm,data/SBU-shadow/SBU-Test/ShadowImages/screen_shot_2014-12-24_at_5.06.47_pm.jpg,data/SBU-shadow/SBU-Test/ShadowMasks/screen_shot_2014-12-24_at_5.06.47_pm.png,8.547708918311598,4.162578037592531,16.157033347501752,0.14271145435438962,155,207,0.748792270531401,middle
18210000000000661,data/SBU-shadow/SBU-Test/ShadowImages/18210000000000661.jpg,data/SBU-shadow/SBU-Test/ShadowMasks/18210000000000661.png,8.49430625486051,3.9276525195224044,14.559151650821047,0.20072098956952983,162,220,0.7363636363636363,middle
artificial-turf-300x200,data/SBU-shadow/SBU-Test/ShadowImages/artificial-turf-300x200.jpg,data/SBU-shadow/SBU-Test/ShadowMasks/artificial-turf-300x200.png,8.449415378869661,4.562225309854708,14.042305101214291,0.13811147063619592,157,191,0.8219895287958116,middle
september_05_03,data/SBU-shadow/SBU-Test/ShadowImages/september_05_03.jpg,data/SBU-shadow/SBU-Test/ShadowMasks/september_05_03.png,8.440792203343674,4.689437496736733,13.288121180475176,0.18091459475102423,97,292,0.3321917808219178,middle
Sahara-shadows1,data/SBU-shadow/SBU-Test/ShadowImages/Sahara-shadows1.jpg,data/SBU-shadow/SBU-Test/ShadowMasks/Sahara-shadows1.png,8.440424543089197,5.839067105717544,10.403932236850489,0.22341791577137868,170,210,0.8095238095238095,middle
alize-cornet-2014-u.s.-open-tennis-tournament-in-new-york-city-3rd-round_20,data/SBU-shadow/SBU-Test/ShadowImages/alize-cornet-2014-u.s.-open-tennis-tournament-in-new-york-city-3rd-round_20.jpg,data/SBU-shadow/SBU-Test/ShadowMasks/alize-cornet-2014-u.s.-open-tennis-tournament-in-new-york-city-3rd-round_20.png,8.433349117708735,3.6776626615109502,12.287861003246281,0.21275997392775958,167,242,0.6900826446280992,middle
h56_1,data/SBU-shadow/SBU-Test/ShadowImages/h56_1.jpg,data/SBU-shadow/SBU-Test/ShadowMasks/h56_1.png,8.39971111279996,5.725826745780514,12.422945956090848,0.20524675494478387,74,84,0.8809523809523809,middle
3JO4d,data/SBU-shadow/SBU-Test/ShadowImages/3JO4d.jpg,data/SBU-shadow/SBU-Test/ShadowMasks/3JO4d.png,8.394763466978429,3.5433936756968234,14.133488197575868,0.35118630784655364,217,311,0.6977491961414791,middle
80b674u-960,data/SBU-shadow/SBU-Test/ShadowImages/80b674u-960.jpg,data/SBU-shadow/SBU-Test/ShadowMasks/80b674u-960.png,8.369294332197112,4.710033400708307,13.574599693752774,0.21061639950422584,274,434,0.631336405529954,middle
Police-Dogs-and-Sports-027,data/SBU-shadow/SBU-Test/ShadowImages/Police-Dogs-and-Sports-027.jpg,data/SBU-shadow/SBU-Test/ShadowMasks/Police-Dogs-and-Sports-027.png,8.354861665123607,2.9583459911400642,12.056727759199628,0.08795748714265633,108,169,0.6390532544378699,middle
fd9a328s-960,data/SBU-shadow/SBU-Test/ShadowImages/fd9a328s-960.jpg,data/SBU-shadow/SBU-Test/ShadowMasks/fd9a328s-960.png,8.317424784261096,4.436270798106833,15.744278280796594,0.3187149955316562,259,319,0.8119122257053292,middle
h49_1,data/SBU-shadow/SBU-Test/ShadowImages/h49_1.jpg,data/SBU-shadow/SBU-Test/ShadowMasks/h49_1.png,8.278662961255554,4.661372685593184,13.291137096368448,0.19093794107680473,120,125,0.96,middle
dsc_7799-370x500,data/SBU-shadow/SBU-Test/ShadowImages/dsc_7799-370x500.jpg,data/SBU-shadow/SBU-Test/ShadowMasks/dsc_7799-370x500.png,8.25167121291158,3.8662295688540356,13.874085989850187,0.09548546535786011,237,413,0.5738498789346247,middle
dom3,data/SBU-shadow/SBU-Test/ShadowImages/dom3.jpg,data/SBU-shadow/SBU-Test/ShadowMasks/dom3.png,8.223299967023383,2.5546329189662087,14.328284432322329,0.20849449842719844,90,142,0.6338028169014085,middle
BCom_TSSMAN_13799143995246_big,data/SBU-shadow/SBU-Test/ShadowImages/BCom_TSSMAN_13799143995246_big.jpg,data/SBU-shadow/SBU-Test/ShadowMasks/BCom_TSSMAN_13799143995246_big.png,8.169371420292697,3.7805928657399024,14.554431352917621,0.18705776459957443,167,312,0.5352564102564102,middle
qg2IVT6Andw,data/SBU-shadow/SBU-Test/ShadowImages/qg2IVT6Andw.jpg,data/SBU-shadow/SBU-Test/ShadowMasks/qg2IVT6Andw.png,8.161177702135829,5.347393315741153,15.016114791770931,0.030788390049234626,11,81,0.13580246913580246,middle
5.1.21_boardwalk_settings_9637_09242012_0,data/SBU-shadow/SBU-Test/ShadowImages/5.1.21_boardwalk_settings_9637_09242012_0.jpg,data/SBU-shadow/SBU-Test/ShadowMasks/5.1.21_boardwalk_settings_9637_09242012_0.png,8.151360993591737,2.1242493107200064,8.562765108721267,0.2654190473669973,88,92,0.9565217391304348,middle
shadowsafa,data/SBU-shadow/SBU-Test/ShadowImages/shadowsafa.jpg,data/SBU-shadow/SBU-Test/ShadowMasks/shadowsafa.png,8.129199990557968,5.5137124425845645,11.640692568894012,0.39517682674619187,251,277,0.9061371841155235,middle
14291773-mmmain,data/SBU-shadow/SBU-Test/ShadowImages/14291773-mmmain.jpg,data/SBU-shadow/SBU-Test/ShadowMasks/14291773-mmmain.png,8.11290615698139,5.6867142613836785,13.29821384336135,0.25320184825778863,139,148,0.9391891891891891,middle
h12_2,data/SBU-shadow/SBU-Test/ShadowImages/h12_2.jpg,data/SBU-shadow/SBU-Test/ShadowMasks/h12_2.png,8.108283529919898,6.293206173720428,11.384359844146797,0.36654298268625835,112,114,0.9824561403508771,middle
2053856_8966b0ef,data/SBU-shadow/SBU-Test/ShadowImages/2053856_8966b0ef.jpg,data/SBU-shadow/SBU-Test/ShadowMasks/2053856_8966b0ef.png,8.05352233164019,5.007417006998182,13.407814556219135,0.36667276629016055,183,196,0.9336734693877551,middle
19328-My-Frozen-Water-Bottle-0,data/SBU-shadow/SBU-Test/ShadowImages/19328-My-Frozen-Water-Bottle-0.jpg,data/SBU-shadow/SBU-Test/ShadowMasks/19328-My-Frozen-Water-Bottle-0.png,8.024424156548308,4.639653955201015,11.73092828263681,0.2395955006645903,85,118,0.7203389830508474,middle
Elina+Svitolina+WTA+Dubai+Duty+Free+Tennis+6U_yAQrt2Nsl,data/SBU-shadow/SBU-Test/ShadowImages/Elina+Svitolina+WTA+Dubai+Duty+Free+Tennis+6U_yAQrt2Nsl.jpg,data/SBU-shadow/SBU-Test/ShadowMasks/Elina+Svitolina+WTA+Dubai+Duty+Free+Tennis+6U_yAQrt2Nsl.png,8.02020282065476,3.1601081886782754,13.552410529289752,0.21173103522727243,143,225,0.6355555555555555,middle
h10_2,data/SBU-shadow/SBU-Test/ShadowImages/h10_2.jpg,data/SBU-shadow/SBU-Test/ShadowMasks/h10_2.png,7.999272465722189,6.411629244351941,13.550720328887952,0.061241052584508036,116,170,0.6823529411764706,middle
c4eca5ab10d8d2fa91336ffb41f0f570,data/SBU-shadow/SBU-Test/ShadowImages/c4eca5ab10d8d2fa91336ffb41f0f570.jpg,data/SBU-shadow/SBU-Test/ShadowMasks/c4eca5ab10d8d2fa91336ffb41f0f570.png,7.9907914053416995,5.0554116894066485,11.10236819364457,0.27227657836231295,319,385,0.8285714285714286,middle
IMG_50_L,data/SBU-shadow/SBU-Test/ShadowImages/IMG_50_L.jpg,data/SBU-shadow/SBU-Test/ShadowMasks/IMG_50_L.png,7.94613992505355,2.2192520034334655,15.946574072697135,0.22502679048174237,152,217,0.7004608294930875,middle
h2_2,data/SBU-shadow/SBU-Test/ShadowImages/h2_2.jpg,data/SBU-shadow/SBU-Test/ShadowMasks/h2_2.png,7.938518883364763,4.675449200039121,11.11468548755405,0.27121550931076477,149,167,0.8922155688622755,middle
983314s,data/SBU-shadow/SBU-Test/ShadowImages/983314s.jpg,data/SBU-shadow/SBU-Test/ShadowMasks/983314s.png,7.927637613222395,3.9506616945329345,14.898671519699338,0.36843829990252874,166,193,0.8601036269430051,middle
praia_del-rey-tennis,data/SBU-shadow/SBU-Test/ShadowImages/praia_del-rey-tennis.jpg,data/SBU-shadow/SBU-Test/ShadowMasks/praia_del-rey-tennis.png,7.909118597607862,2.410352567553261,17.723728882509853,0.26655633274072205,70,156,0.44871794871794873,middle
otr-f-25,data/SBU-shadow/SBU-Test/ShadowImages/otr-f-25.jpg,data/SBU-shadow/SBU-Test/ShadowMasks/otr-f-25.png,7.868240794395662,2.7299277530618884,16.68173120989747,0.22231886022385808,68,118,0.576271186440678,middle
thfam,data/SBU-shadow/SBU-Test/ShadowImages/thfam.jpg,data/SBU-shadow/SBU-Test/ShadowMasks/thfam.png,7.866180748815545,3.662139013481779,14.333955713132609,0.2424438155473014,437,576,0.7586805555555556,middle
berber02,data/SBU-shadow/SBU-Test/ShadowImages/berber02.jpg,data/SBU-shadow/SBU-Test/ShadowMasks/berber02.png,7.8560780927058245,3.1036721307194237,15.825383792927314,0.23773602837603902,200,284,0.704225352112676,middle
PicShells48-1024x1024te,data/SBU-shadow/SBU-Test/ShadowImages/PicShells48-1024x1024te.jpg,data/SBU-shadow/SBU-Test/ShadowMasks/PicShells48-1024x1024te.png,7.852038398202737,6.162422709371648,10.781933173354286,0.37807887138312746,133,138,0.9637681159420289,middle
COCO_train2014_000000037327,data/SBU-shadow/SBU-Test/ShadowImages/COCO_train2014_000000037327.jpg,data/SBU-shadow/SBU-Test/ShadowMasks/COCO_train2014_000000037327.png,7.8410149304686545,2.846573564304508,16.98806708352581,0.2802507225772934,187,363,0.5151515151515151,middle
367417003-highlights1513-cheval-sauvage-corse-se-reposer-animal,data/SBU-shadow/SBU-Test/ShadowImages/367417003-highlights1513-cheval-sauvage-corse-se-reposer-animal.jpg,data/SBU-shadow/SBU-Test/ShadowMasks/367417003-highlights1513-cheval-sauvage-corse-se-reposer-animal.png,7.833981905987622,5.06934518687463,15.430870362965688,0.07446467435300397,69,87,0.7931034482758621,middle
86962d1418736900-how-flush-atx-fluid-change-filter-trans_return_1,data/SBU-shadow/SBU-Test/ShadowImages/86962d1418736900-how-flush-atx-fluid-change-filter-trans_return_1.jpg,data/SBU-shadow/SBU-Test/ShadowMasks/86962d1418736900-how-flush-atx-fluid-change-filter-trans_return_1.png,7.832641914123164,3.4672948614395676,14.635685409027694,0.24592130578258595,190,235,0.8085106382978723,middle
h13_1,data/SBU-shadow/SBU-Test/ShadowImages/h13_1.jpg,data/SBU-shadow/SBU-Test/ShadowMasks/h13_1.png,7.805536994413766,6.708416262693272,9.559533836501927,0.05360801101771394,67,83,0.8072289156626506,middle
h18_1,data/SBU-shadow/SBU-Test/ShadowImages/h18_1.jpg,data/SBU-shadow/SBU-Test/ShadowMasks/h18_1.png,7.796963691870494,5.851601311692759,11.306304402886912,0.29122281346428147,159,175,0.9085714285714286,middle
orig_89264214_UNvi,data/SBU-shadow/SBU-Test/ShadowImages/orig_89264214_UNvi.jpg,data/SBU-shadow/SBU-Test/ShadowMasks/orig_89264214_UNvi.png,7.786903093117961,2.639721186314203,15.095402874732313,0.23274473611823376,448,676,0.6627218934911243,middle
ab_142911889695,data/SBU-shadow/SBU-Test/ShadowImages/ab_142911889695.jpg,data/SBU-shadow/SBU-Test/ShadowMasks/ab_142911889695.png,7.75648869773973,3.6267210680466695,14.401771208936166,0.12858181329405244,57,95,0.6,middle
kanistry-plastikovye-30l-f105055,data/SBU-shadow/SBU-Test/ShadowImages/kanistry-plastikovye-30l-f105055.jpg,data/SBU-shadow/SBU-Test/ShadowMasks/kanistry-plastikovye-30l-f105055.png,7.727312619633807,3.79386197674209,13.364763280985073,0.14038458887997726,166,219,0.7579908675799086,middle
09-Prostitutas-F1-C-624x415,data/SBU-shadow/SBU-Test/ShadowImages/09-Prostitutas-F1-C-624x415.jpg,data/SBU-shadow/SBU-Test/ShadowMasks/09-Prostitutas-F1-C-624x415.png,7.723360974752428,2.354832265778292,17.00623691816275,0.1699364658948714,139,328,0.42378048780487804,middle
iasf4,data/SBU-shadow/SBU-Test/ShadowImages/iasf4.jpg,data/SBU-shadow/SBU-Test/ShadowMasks/iasf4.png,7.720658437950264,4.770656278550174,13.036213271640609,0.33041742520511624,141,148,0.9527027027027027,middle
dsc03832tt4,data/SBU-shadow/SBU-Test/ShadowImages/dsc03832tt4.jpg,data/SBU-shadow/SBU-Test/ShadowMasks/dsc03832tt4.png,7.710358715039467,5.750228500611919,9.528871193423566,0.08470037660251062,65,72,0.9027777777777778,middle
gallery_54628_11_584916,data/SBU-shadow/SBU-Test/ShadowImages/gallery_54628_11_584916.jpg,data/SBU-shadow/SBU-Test/ShadowMasks/gallery_54628_11_584916.png,7.6884814354107744,3.166759661775875,13.33557640323941,0.1628341744279851,128,157,0.8152866242038217,middle
197175_21923860104_161_n,data/SBU-shadow/SBU-Test/ShadowImages/197175_21923860104_161_n.jpg,data/SBU-shadow/SBU-Test/ShadowMasks/197175_21923860104_161_n.png,7.683208709873576,2.849895577604223,18.413966986565114,0.2523448715650366,71,132,0.5378787878787878,middle
shadow-1043663_640,data/SBU-shadow/SBU-Test/ShadowImages/shadow-1043663_640.jpg,data/SBU-shadow/SBU-Test/ShadowMasks/shadow-1043663_640.png,7.6417624460698095,4.924832129000934,10.917803852991891,0.36686350678678087,170,178,0.9550561797752809,middle
017,data/SBU-shadow/SBU-Test/ShadowImages/017.jpg,data/SBU-shadow/SBU-Test/ShadowMasks/017.png,7.637538772962304,5.2048864287066365,10.230022815997128,0.17359097977896454,112,176,0.6363636363636364,middle
COCO_train2014_000000272481,data/SBU-shadow/SBU-Test/ShadowImages/COCO_train2014_000000272481.jpg,data/SBU-shadow/SBU-Test/ShadowMasks/COCO_train2014_000000272481.png,7.626444157819717,2.2958205869563972,18.395374989461892,0.12472906016563584,15,122,0.12295081967213115,middle
0353,data/SBU-shadow/SBU-Test/ShadowImages/0353.jpg,data/SBU-shadow/SBU-Test/ShadowMasks/0353.png,7.620012212098224,2.849878387789968,16.71034739276246,0.2135118210080258,112,244,0.45901639344262296,middle
picture_yourself,data/SBU-shadow/SBU-Test/ShadowImages/picture_yourself.jpg,data/SBU-shadow/SBU-Test/ShadowMasks/picture_yourself.png,7.600000762163811,4.409775682842664,13.84246461957053,0.17517629411910698,218,266,0.8195488721804511,middle
ajit-mansion-hotel,data/SBU-shadow/SBU-Test/ShadowImages/ajit-mansion-hotel.jpg,data/SBU-shadow/SBU-Test/ShadowMasks/ajit-mansion-hotel.png,7.5822232048349125,3.9130919064995067,13.33706381140394,0.14308645155887623,146,187,0.7807486631016043,middle
cool-shadow-dance-pictures-26,data/SBU-shadow/SBU-Test/ShadowImages/cool-shadow-dance-pictures-26.jpg,data/SBU-shadow/SBU-Test/ShadowMasks/cool-shadow-dance-pictures-26.png,7.576902351650798,5.1261949560525775,13.292048163877105,0.15367421048490806,223,284,0.7852112676056338,middle
dscf2512,data/SBU-shadow/SBU-Test/ShadowImages/dscf2512.jpg,data/SBU-shadow/SBU-Test/ShadowMasks/dscf2512.png,7.522676081748303,3.271005107260138,15.196030872712424,0.3160751386225199,113,211,0.5355450236966824,middle
945031206,data/SBU-shadow/SBU-Test/ShadowImages/945031206.jpg,data/SBU-shadow/SBU-Test/ShadowMasks/945031206.png,7.516533409762102,2.8649288467521434,15.445910141859496,0.23314781358491998,201,267,0.7528089887640449,middle
COCO_train2014_000000176478,data/SBU-shadow/SBU-Test/ShadowImages/COCO_train2014_000000176478.jpg,data/SBU-shadow/SBU-Test/ShadowMasks/COCO_train2014_000000176478.png,7.491320440393324,2.868743177768554,17.080710241795018,0.25590362759066015,67,101,0.6633663366336634,middle
33781771,data/SBU-shadow/SBU-Test/ShadowImages/33781771.jpg,data/SBU-shadow/SBU-Test/ShadowMasks/33781771.png,7.457764788577451,3.6001852538271573,13.76637945239368,0.1618259986030156,262,431,0.6078886310904872,middle
h35_1,data/SBU-shadow/SBU-Test/ShadowImages/h35_1.jpg,data/SBU-shadow/SBU-Test/ShadowMasks/h35_1.png,7.451931187032738,4.794830552900302,14.002146561334964,0.04344790020375794,69,99,0.696969696969697,middle
distorted-shadows-on-concrete-steps,data/SBU-shadow/SBU-Test/ShadowImages/distorted-shadows-on-concrete-steps.jpg,data/SBU-shadow/SBU-Test/ShadowMasks/distorted-shadows-on-concrete-steps.png,7.400344540737978,4.517669601784623,12.585158587703322,0.26191662804892357,520,688,0.7558139534883721,middle
snow020,data/SBU-shadow/SBU-Test/ShadowImages/snow020.jpg,data/SBU-shadow/SBU-Test/ShadowMasks/snow020.png,7.393999106656861,4.799420546866544,11.769879777854253,0.2919647288307758,70,108,0.6481481481481481,middle
chicmuse18,data/SBU-shadow/SBU-Test/ShadowImages/chicmuse18.jpg,data/SBU-shadow/SBU-Test/ShadowMasks/chicmuse18.png,7.382425833228112,2.7512224986480893,13.976067640854193,0.193722336971281,196,275,0.7127272727272728,middle
h59_2,data/SBU-shadow/SBU-Test/ShadowImages/h59_2.jpg,data/SBU-shadow/SBU-Test/ShadowMasks/h59_2.png,7.378550082698186,5.742376684675227,14.411346442360145,0.20224184186764438,172,342,0.5029239766081871,middle
Hunt-Club-Road-Radsworth-Road-Roundabout-Aerial,data/SBU-shadow/SBU-Test/ShadowImages/Hunt-Club-Road-Radsworth-Road-Roundabout-Aerial.jpg,data/SBU-shadow/SBU-Test/ShadowMasks/Hunt-Club-Road-Radsworth-Road-Roundabout-Aerial.png,7.3774159285608665,4.266717238014786,13.37790066439904,0.08813363904762213,59,87,0.6781609195402298,middle
shadow__s_car_found_by_blazerona-d5esxqc.png,data/SBU-shadow/SBU-Test/ShadowImages/shadow__s_car_found_by_blazerona-d5esxqc.png.jpg,data/SBU-shadow/SBU-Test/ShadowMasks/shadow__s_car_found_by_blazerona-d5esxqc.png.png,7.370881394657678,4.014137917596862,16.679915528405505,0.22478249590949867,134,224,0.5982142857142857,middle
dsc_2657-copy_med,data/SBU-shadow/SBU-Test/ShadowImages/dsc_2657-copy_med.jpg,data/SBU-shadow/SBU-Test/ShadowMasks/dsc_2657-copy_med.png,7.361877379567529,2.563848974858875,11.594484123948176,0.2259441002588217,51,97,0.5257731958762887,middle
9804938246_6c29c24452,data/SBU-shadow/SBU-Test/ShadowImages/9804938246_6c29c24452.jpg,data/SBU-shadow/SBU-Test/ShadowMasks/9804938246_6c29c24452.png,7.3557678541215745,3.8997087415112417,12.57410445478433,0.21576194610839022,222,256,0.8671875,middle
hands,data/SBU-shadow/SBU-Test/ShadowImages/hands.jpg,data/SBU-shadow/SBU-Test/ShadowMasks/hands.png,7.341393230230954,5.29950784024653,10.902713463174383,0.2280024692355076,307,426,0.7206572769953051,middle
pet-palace-1,data/SBU-shadow/SBU-Test/ShadowImages/pet-palace-1.jpg,data/SBU-shadow/SBU-Test/ShadowMasks/pet-palace-1.png,7.3393839645210095,3.21783617383379,14.949946209870065,0.21419804621640381,180,223,0.8071748878923767,middle
COCO_train2014_000000097981,data/SBU-shadow/SBU-Test/ShadowImages/COCO_train2014_000000097981.jpg,data/SBU-shadow/SBU-Test/ShadowMasks/COCO_train2014_000000097981.png,7.332878896468306,3.293705556355757,14.632110459121595,0.17293259360653376,138,201,0.6865671641791045,middle
h31_1,data/SBU-shadow/SBU-Test/ShadowImages/h31_1.jpg,data/SBU-shadow/SBU-Test/ShadowMasks/h31_1.png,7.313962659030147,5.7737373879386515,11.702595287666517,0.12272182558190252,80,90,0.8888888888888888,middle
3fce40de-a4c3-4827-bf00-bdef0b94b1c5_jpg_800x600_x-False_q85,data/SBU-shadow/SBU-Test/ShadowImages/3fce40de-a4c3-4827-bf00-bdef0b94b1c5_jpg_800x600_x-False_q85.jpg,data/SBU-shadow/SBU-Test/ShadowMasks/3fce40de-a4c3-4827-bf00-bdef0b94b1c5_jpg_800x600_x-False_q85.png,7.3108501701295685,4.394032593130345,12.811136258190272,0.19470343263426812,196,276,0.7101449275362319,middle
3e98f8s-960,data/SBU-shadow/SBU-Test/ShadowImages/3e98f8s-960.jpg,data/SBU-shadow/SBU-Test/ShadowMasks/3e98f8s-960.png,7.299345884192872,4.819776784389956,13.970401213843628,0.2571770716416271,156,201,0.7761194029850746,middle
h113_1,data/SBU-shadow/SBU-Test/ShadowImages/h113_1.jpg,data/SBU-shadow/SBU-Test/ShadowMasks/h113_1.png,7.289249581260781,3.4939017588766905,16.02611781123063,0.23031477544767165,79,86,0.9186046511627907,middle
blackberry-z10-951374239361,data/SBU-shadow/SBU-Test/ShadowImages/blackberry-z10-951374239361.jpg,data/SBU-shadow/SBU-Test/ShadowMasks/blackberry-z10-951374239361.png,7.283668325378704,5.618832572309639,13.543230468402633,0.17590942621088584,61,118,0.5169491525423728,middle
old-street-lamp-and-shadows-against-brick-wall,data/SBU-shadow/SBU-Test/ShadowImages/old-street-lamp-and-shadows-against-brick-wall.jpg,data/SBU-shadow/SBU-Test/ShadowMasks/old-street-lamp-and-shadows-against-brick-wall.png,7.275426691102763,4.079898372982489,17.581485608893047,0.11798892325911951,124,213,0.5821596244131455,middle
h67_3,data/SBU-shadow/SBU-Test/ShadowImages/h67_3.jpg,data/SBU-shadow/SBU-Test/ShadowMasks/h67_3.png,7.254934843340736,4.515502496362134,11.900935346526488,0.21213212635106893,149,159,0.9371069182389937,middle
maxresdefault1,data/SBU-shadow/SBU-Test/ShadowImages/maxresdefault1.jpg,data/SBU-shadow/SBU-Test/ShadowMasks/maxresdefault1.png,7.240502825718057,2.579216864404124,18.416313791068752,0.2161998027722224,351,564,0.6223404255319149,middle
tumblr_my7de398al1t00c7co1_1280,data/SBU-shadow/SBU-Test/ShadowImages/tumblr_my7de398al1t00c7co1_1280.jpg,data/SBU-shadow/SBU-Test/ShadowMasks/tumblr_my7de398al1t00c7co1_1280.png,7.238240729662356,3.956623931392355,13.412791139030244,0.1707524027515559,202,301,0.6710963455149501,middle
87789798,data/SBU-shadow/SBU-Test/ShadowImages/87789798.jpg,data/SBU-shadow/SBU-Test/ShadowMasks/87789798.png,7.233240112420642,3.422278314392984,12.785991418634518,0.19682376118853484,99,150,0.66,middle
i4,data/SBU-shadow/SBU-Test/ShadowImages/i4.jpg,data/SBU-shadow/SBU-Test/ShadowMasks/i4.png,7.232255243555421,2.4645667994164633,9.329583780004093,0.19511048715396517,152,243,0.6255144032921811,middle
rosa4-660x330,data/SBU-shadow/SBU-Test/ShadowImages/rosa4-660x330.jpg,data/SBU-shadow/SBU-Test/ShadowMasks/rosa4-660x330.png,7.219659193011836,3.1658704082519855,13.576057285052379,0.38060436622432536,136,165,0.8242424242424242,middle
img-3714,data/SBU-shadow/SBU-Test/ShadowImages/img-3714.jpg,data/SBU-shadow/SBU-Test/ShadowMasks/img-3714.png,7.182412106189945,3.979121496973544,14.182678743439526,0.19025220880708235,220,482,0.45643153526970953,middle
h3_2,data/SBU-shadow/SBU-Test/ShadowImages/h3_2.jpg,data/SBU-shadow/SBU-Test/ShadowMasks/h3_2.png,7.154610076194031,3.560489203079337,11.535274938610124,0.30428678151349436,60,69,0.8695652173913043,middle
david-ferrer-tennis,data/SBU-shadow/SBU-Test/ShadowImages/david-ferrer-tennis.jpg,data/SBU-shadow/SBU-Test/ShadowMasks/david-ferrer-tennis.png,7.122659371056473,2.9210516279790264,16.265460893885386,0.23318827185646146,135,186,0.7258064516129032,middle
ftank09,data/SBU-shadow/SBU-Test/ShadowImages/ftank09.jpg,data/SBU-shadow/SBU-Test/ShadowMasks/ftank09.png,7.119720064758051,2.4605828724066923,15.442335724660863,0.22972364382064367,164,304,0.5394736842105263,middle
$_35,data/SBU-shadow/SBU-Test/ShadowImages/$_35.jpg,data/SBU-shadow/SBU-Test/ShadowMasks/$_35.png,7.071217051359786,4.451059961663235,12.343484513155119,0.1673731898208355,126,164,0.7682926829268293,middle
dodek-asma-iskeleeeee-510x223,data/SBU-shadow/SBU-Test/ShadowImages/dodek-asma-iskeleeeee-510x223.jpg,data/SBU-shadow/SBU-Test/ShadowMasks/dodek-asma-iskeleeeee-510x223.png,7.06978765048937,3.787982342170321,10.508137818094372,0.22353444729810437,182,285,0.6385964912280702,middle
c034c10ed7b60244fc13b852657944a8,data/SBU-shadow/SBU-Test/ShadowImages/c034c10ed7b60244fc13b852657944a8.jpg,data/SBU-shadow/SBU-Test/ShadowMasks/c034c10ed7b60244fc13b852657944a8.png,7.057342516055885,4.174674746548408,15.403674805786132,0.21843016225677575,233,303,0.768976897689769,middle
369466508_ac2bc1d162_z,data/SBU-shadow/SBU-Test/ShadowImages/369466508_ac2bc1d162_z.jpg,data/SBU-shadow/SBU-Test/ShadowMasks/369466508_ac2bc1d162_z.png,7.0516017951734025,3.593607257832278,12.214336276336716,0.15819000815955137,199,244,0.8155737704918032,middle
c9odndso535d,data/SBU-shadow/SBU-Test/ShadowImages/c9odndso535d.jpg,data/SBU-shadow/SBU-Test/ShadowMasks/c9odndso535d.png,7.027721464525785,2.577821963089016,11.348176286833267,0.24574168164914756,239,346,0.6907514450867052,middle
mezaryapim (3),data/SBU-shadow/SBU-Test/ShadowImages/mezaryapim (3).jpg,data/SBU-shadow/SBU-Test/ShadowMasks/mezaryapim (3).png,7.018424742957789,2.728550670887027,16.25388296029159,0.18475666018334624,218,328,0.6646341463414634,middle
img_img_gallery_images_1_3338,data/SBU-shadow/SBU-Test/ShadowImages/img_img_gallery_images_1_3338.jpg,data/SBU-shadow/SBU-Test/ShadowMasks/img_img_gallery_images_1_3338.png,6.976536464538611,4.310964545056001,11.12677019477075,0.17483550616186913,73,90,0.8111111111111111,middle
9473f9u-960,data/SBU-shadow/SBU-Test/ShadowImages/9473f9u-960.jpg,data/SBU-shadow/SBU-Test/ShadowMasks/9473f9u-960.png,6.941233804260252,3.2757718192324727,18.0761505697432,0.24588237568184132,246,436,0.5642201834862385,middle
0_90968_12d98a11_XL,data/SBU-shadow/SBU-Test/ShadowImages/0_90968_12d98a11_XL.jpg,data/SBU-shadow/SBU-Test/ShadowMasks/0_90968_12d98a11_XL.png,6.933433544345646,2.8001052414002197,15.922816463091179,0.11727941996168167,197,270,0.7296296296296296,middle
p8181387,data/SBU-shadow/SBU-Test/ShadowImages/p8181387.jpg,data/SBU-shadow/SBU-Test/ShadowMasks/p8181387.png,6.9253725498331455,4.36950721594474,12.099528285666711,0.35998593450525657,401,516,0.7771317829457365,middle
justlikegrass-pet-care-facilities-slider-2,data/SBU-shadow/SBU-Test/ShadowImages/justlikegrass-pet-care-facilities-slider-2.jpg,data/SBU-shadow/SBU-Test/ShadowMasks/justlikegrass-pet-care-facilities-slider-2.png,6.872853183278526,3.2863677849042254,13.736397912424192,0.14251192869962476,123,161,0.7639751552795031,middle
donkey shadows 002,data/SBU-shadow/SBU-Test/ShadowImages/donkey shadows 002.jpg,data/SBU-shadow/SBU-Test/ShadowMasks/donkey shadows 002.png,6.86288907672838,4.133995550385422,11.039325158669229,0.3929252638248565,300,391,0.7672634271099744,middle
th113,data/SBU-shadow/SBU-Test/ShadowImages/th113.jpg,data/SBU-shadow/SBU-Test/ShadowMasks/th113.png,6.844613648593887,5.177159711302654,10.445533882602271,0.22232439164723247,276,322,0.8571428571428571,middle
img_0843,data/SBU-shadow/SBU-Test/ShadowImages/img_0843.jpg,data/SBU-shadow/SBU-Test/ShadowMasks/img_0843.png,6.830988904203268,2.931765504843509,13.369955997769013,0.22190075822929828,205,330,0.6212121212121212,middle
ShadowHi,data/SBU-shadow/SBU-Test/ShadowImages/ShadowHi.jpg,data/SBU-shadow/SBU-Test/ShadowMasks/ShadowHi.png,6.8215593840989195,5.201041342962979,11.03667890229401,0.3297257841966243,167,195,0.8564102564102564,middle
192071_e671b8bf3e19918b4906af925c159d61_st,data/SBU-shadow/SBU-Test/ShadowImages/192071_e671b8bf3e19918b4906af925c159d61_st.jpg,data/SBU-shadow/SBU-Test/ShadowMasks/192071_e671b8bf3e19918b4906af925c159d61_st.png,6.737468828503508,2.9002918812762224,16.42806887115736,0.3642916939130499,145,194,0.7474226804123711,middle
000241-big,data/SBU-shadow/SBU-Test/ShadowImages/000241-big.jpg,data/SBU-shadow/SBU-Test/ShadowMasks/000241-big.png,6.694003885989831,4.898051765084586,17.859737910230415,0.16624887941094738,55,80,0.6875,middle
brisk-winter-day,data/SBU-shadow/SBU-Test/ShadowImages/brisk-winter-day.jpg,data/SBU-shadow/SBU-Test/ShadowMasks/brisk-winter-day.png,6.689372946294163,2.563174263593229,18.80255742683546,0.27060631573952443,52,83,0.6265060240963856,middle
h4_2,data/SBU-shadow/SBU-Test/ShadowImages/h4_2.jpg,data/SBU-shadow/SBU-Test/ShadowMasks/h4_2.png,6.673067110489157,2.8554079627223152,11.591071736724231,0.25537838310256233,81,88,0.9204545454545454,middle
HancockFieldNY_SAGE-DC_BirdsEye_N3,data/SBU-shadow/SBU-Test/ShadowImages/HancockFieldNY_SAGE-DC_BirdsEye_N3.jpg,data/SBU-shadow/SBU-Test/ShadowMasks/HancockFieldNY_SAGE-DC_BirdsEye_N3.png,6.659521668365802,2.1296807380319027,24.50824054284586,0.19554210512283066,168,269,0.6245353159851301,middle
5477454077,data/SBU-shadow/SBU-Test/ShadowImages/5477454077.jpg,data/SBU-shadow/SBU-Test/ShadowMasks/5477454077.png,6.652740462082959,2.346228630224446,15.662788662602992,0.2048509341118643,374,673,0.5557206537890045,middle
corn-shadow-2,data/SBU-shadow/SBU-Test/ShadowImages/corn-shadow-2.jpg,data/SBU-shadow/SBU-Test/ShadowMasks/corn-shadow-2.png,6.633550152508199,4.706127760326565,11.321506740713344,0.20600803388802305,115,134,0.8582089552238806,middle
IMG_9293%20bread-crust%20bomb,data/SBU-shadow/SBU-Test/ShadowImages/IMG_9293%20bread-crust%20bomb.jpg,data/SBU-shadow/SBU-Test/ShadowMasks/IMG_9293%20bread-crust%20bomb.png,6.6334433818185845,2.337895925603,14.976841850838579,0.1387516683282704,111,146,0.7602739726027398,middle
9aee9,data/SBU-shadow/SBU-Test/ShadowImages/9aee9.jpg,data/SBU-shadow/SBU-Test/ShadowMasks/9aee9.png,6.619026137754815,2.6871453041827182,14.041718274375818,0.17442937442756123,97,175,0.5542857142857143,middle
italyhousete,data/SBU-shadow/SBU-Test/ShadowImages/italyhousete.jpg,data/SBU-shadow/SBU-Test/ShadowMasks/italyhousete.png,6.59118960851411,4.327877037094816,11.549344973331143,0.13574665380608147,342,551,0.6206896551724138,middle
5770402_xlarge,data/SBU-shadow/SBU-Test/ShadowImages/5770402_xlarge.jpg,data/SBU-shadow/SBU-Test/ShadowMasks/5770402_xlarge.png,6.589385330295146,3.6991307969301337,13.889052892574242,0.12783041077841287,458,655,0.6992366412213741,middle
6150517,data/SBU-shadow/SBU-Test/ShadowImages/6150517.jpg,data/SBU-shadow/SBU-Test/ShadowMasks/6150517.png,6.585532395926435,3.286774408865261,9.5838945076844,0.21827262558926563,65,91,0.7142857142857143,middle
COCO_train2014_000000027050,data/SBU-shadow/SBU-Test/ShadowImages/COCO_train2014_000000027050.jpg,data/SBU-shadow/SBU-Test/ShadowMasks/COCO_train2014_000000027050.png,6.564862958248954,1.992029602478617,22.893228553825573,0.11248663353732818,97,255,0.3803921568627451,middle
imgp2082,data/SBU-shadow/SBU-Test/ShadowImages/imgp2082.jpg,data/SBU-shadow/SBU-Test/ShadowMasks/imgp2082.png,6.563256508722028,4.66643222125908,12.918956363033779,0.2977850152077903,145,172,0.8430232558139535,middle
img_9059test,data/SBU-shadow/SBU-Test/ShadowImages/img_9059test.jpg,data/SBU-shadow/SBU-Test/ShadowMasks/img_9059test.png,6.53539997510196,5.471256680151354,8.126313825794973,0.2663092292392279,159,170,0.9352941176470588,middle
sombrad43,data/SBU-shadow/SBU-Test/ShadowImages/sombrad43.jpg,data/SBU-shadow/SBU-Test/ShadowMasks/sombrad43.png,6.532658607778675,3.9129527251933403,8.908673858230538,0.2917753232747422,194,258,0.751937984496124,middle
RoadShadow,data/SBU-shadow/SBU-Test/ShadowImages/RoadShadow.jpg,data/SBU-shadow/SBU-Test/ShadowMasks/RoadShadow.png,6.466132494242092,2.3604533440564945,15.031245258669538,0.23053866342110205,107,132,0.8106060606060606,middle
18632107,data/SBU-shadow/SBU-Test/ShadowImages/18632107.jpg,data/SBU-shadow/SBU-Test/ShadowMasks/18632107.png,6.459517480725593,2.4481471120836042,17.629837233697035,0.17731855147895403,472,827,0.5707376058041113,middle
01-novak-djokovic-internazionali-italia-tennis-2015,data/SBU-shadow/SBU-Test/ShadowImages/01-novak-djokovic-internazionali-italia-tennis-2015.jpg,data/SBU-shadow/SBU-Test/ShadowMasks/01-novak-djokovic-internazionali-italia-tennis-2015.png,6.458599214062209,1.951760758936281,16.427464141418405,0.27628763219182395,87,160,0.54375,middle
Victoria+Azarenka+Olympics+Day+7+Tennis+KnvsZiXBixbl,data/SBU-shadow/SBU-Test/ShadowImages/Victoria+Azarenka+Olympics+Day+7+Tennis+KnvsZiXBixbl.jpg,data/SBU-shadow/SBU-Test/ShadowMasks/Victoria+Azarenka+Olympics+Day+7+Tennis+KnvsZiXBixbl.png,6.447240069749908,3.2230533443664733,10.732315642105174,0.23231543050014938,149,217,0.6866359447004609,middle
Serena+Williams+Sony+Open+Tennis+Day+4+4wT5VXG33VXl,data/SBU-shadow/SBU-Test/ShadowImages/Serena+Williams+Sony+Open+Tennis+Day+4+4wT5VXG33VXl.jpg,data/SBU-shadow/SBU-Test/ShadowMasks/Serena+Williams+Sony+Open+Tennis+Day+4+4wT5VXG33VXl.png,6.428414729810319,2.7156217547820845,16.974199605024243,0.18669299780606619,62,136,0.45588235294117646,middle
img_700753271eaa51cf3_720x600,data/SBU-shadow/SBU-Test/ShadowImages/img_700753271eaa51cf3_720x600.jpg,data/SBU-shadow/SBU-Test/ShadowMasks/img_700753271eaa51cf3_720x600.png,6.412748538322524,3.429795683839,11.689285872188504,0.22203525420385026,192,212,0.9056603773584906,middle
acwrx3,data/SBU-shadow/SBU-Test/ShadowImages/acwrx3.jpg,data/SBU-shadow/SBU-Test/ShadowMasks/acwrx3.png,6.409260728081227,2.515579762309603,12.15817715176616,0.2411500689808495,91,164,0.5548780487804879,middle
washington+street+fest+(23),data/SBU-shadow/SBU-Test/ShadowImages/washington+street+fest+(23).jpg,data/SBU-shadow/SBU-Test/ShadowMasks/washington+street+fest+(23).png,6.397588983403519,2.5695958099386624,13.069357564752412,0.2962588050617072,144,224,0.6428571428571429,middle
8b0862s-960,data/SBU-shadow/SBU-Test/ShadowImages/8b0862s-960.jpg,data/SBU-shadow/SBU-Test/ShadowMasks/8b0862s-960.png,6.396498792971457,3.103693036024064,12.777297271436115,0.3005530466508317,239,364,0.6565934065934066,middle
finding-a-glove-1427409,data/SBU-shadow/SBU-Test/ShadowImages/finding-a-glove-1427409.jpg,data/SBU-shadow/SBU-Test/ShadowMasks/finding-a-glove-1427409.png,6.37658971126131,3.606424437464771,15.862146789503143,0.1578073176175183,113,184,0.6141304347826086,middle
COCO_train2014_000000007852,data/SBU-shadow/SBU-Test/ShadowImages/COCO_train2014_000000007852.jpg,data/SBU-shadow/SBU-Test/ShadowMasks/COCO_train2014_000000007852.png,6.375290987637496,2.149427772698521,18.262011935444527,0.18594596629686364,166,345,0.4811594202898551,middle
admirable_design_Photo_Tranche,data/SBU-shadow/SBU-Test/ShadowImages/admirable_design_Photo_Tranche.jpg,data/SBU-shadow/SBU-Test/ShadowMasks/admirable_design_Photo_Tranche.png,6.37458083777564,3.8770866835507833,11.292389510969336,0.3602439134287933,240,315,0.7619047619047619,middle
asphalt-laborer,data/SBU-shadow/SBU-Test/ShadowImages/asphalt-laborer.jpg,data/SBU-shadow/SBU-Test/ShadowMasks/asphalt-laborer.png,6.371216667250581,2.9430599551994976,14.517415911560372,0.184261676091432,218,434,0.5023041474654378,middle
long shadow snow,data/SBU-shadow/SBU-Test/ShadowImages/long shadow snow.jpg,data/SBU-shadow/SBU-Test/ShadowMasks/long shadow snow.png,6.366046093944484,5.446223297898411,7.892571224213033,0.24663458396939356,195,205,0.9512195121951219,middle
rusPoste1,data/SBU-shadow/SBU-Test/ShadowImages/rusPoste1.jpg,data/SBU-shadow/SBU-Test/ShadowMasks/rusPoste1.png,6.359420212230177,2.8886678244353243,12.68273725015732,0.21926928358237796,91,125,0.728,middle
cb16716189_d,data/SBU-shadow/SBU-Test/ShadowImages/cb16716189_d.jpg,data/SBU-shadow/SBU-Test/ShadowMasks/cb16716189_d.png,6.346284603256703,3.886897679265622,11.015635505513474,0.3211880147300139,209,307,0.6807817589576547,middle
ZX4K0CKGP0A,data/SBU-shadow/SBU-Test/ShadowImages/ZX4K0CKGP0A.jpg,data/SBU-shadow/SBU-Test/ShadowMasks/ZX4K0CKGP0A.png,6.332034736480504,5.103018281053514,9.239306507082759,0.31626873187209376,179,274,0.6532846715328468,middle
misstuxedoskip,data/SBU-shadow/SBU-Test/ShadowImages/misstuxedoskip.jpg,data/SBU-shadow/SBU-Test/ShadowMasks/misstuxedoskip.png,6.31938957441995,2.862013868444754,14.925321424216719,0.21000041509155334,99,183,0.5409836065573771,middle
leaf shadow 1,data/SBU-shadow/SBU-Test/ShadowImages/leaf shadow 1.jpg,data/SBU-shadow/SBU-Test/ShadowMasks/leaf shadow 1.png,6.29846584990249,4.0659469449833665,12.975849609272736,0.20454280224696858,429,693,0.6190476190476191,middle
32209_2_5237fa43e087c3684ef2a079,data/SBU-shadow/SBU-Test/ShadowImages/32209_2_5237fa43e087c3684ef2a079.jpg,data/SBU-shadow/SBU-Test/ShadowMasks/32209_2_5237fa43e087c3684ef2a079.png,6.293755502492432,2.8520576154449566,12.565626706793863,0.205159522482309,114,198,0.5757575757575758,middle
118286762_-primitive-old-house-barn-railroad-screw-jack-1-12-x-8-i,data/SBU-shadow/SBU-Test/ShadowImages/118286762_-primitive-old-house-barn-railroad-screw-jack-1-12-x-8-i.jpg,data/SBU-shadow/SBU-Test/ShadowMasks/118286762_-primitive-old-house-barn-railroad-screw-jack-1-12-x-8-i.png,6.2824542846702585,5.154387895766995,7.498613459840664,0.44030901721630245,127,301,0.4219269102990033,middle
ak1ds-2715te,data/SBU-shadow/SBU-Test/ShadowImages/ak1ds-2715te.jpg,data/SBU-shadow/SBU-Test/ShadowMasks/ak1ds-2715te.png,6.278248913650293,2.680292282066854,11.915453159162107,0.3055072406314926,77,94,0.8191489361702128,middle
img_0151,data/SBU-shadow/SBU-Test/ShadowImages/img_0151.jpg,data/SBU-shadow/SBU-Test/ShadowMasks/img_0151.png,6.270232136841372,3.340569373771728,15.771220547341997,0.09658027165070945,69,117,0.5897435897435898,middle
2bc2354s-960,data/SBU-shadow/SBU-Test/ShadowImages/2bc2354s-960.jpg,data/SBU-shadow/SBU-Test/ShadowMasks/2bc2354s-960.png,6.2676912033681464,2.8007549395008913,13.632061824389034,0.16331449342033766,161,287,0.5609756097560976,middle
Peterborough Winter005,data/SBU-shadow/SBU-Test/ShadowImages/Peterborough Winter005.jpg,data/SBU-shadow/SBU-Test/ShadowMasks/Peterborough Winter005.png,6.244483852765869,4.9567607351449565,12.731796311155906,0.1133234718488777,94,128,0.734375,middle
1431699076_Kanistry-B-U_2,data/SBU-shadow/SBU-Test/ShadowImages/1431699076_Kanistry-B-U_2.jpg,data/SBU-shadow/SBU-Test/ShadowMasks/1431699076_Kanistry-B-U_2.png,6.242295205044712,2.7754823019828,11.473733134958033,0.23925665610128513,128,208,0.6153846153846154,middle
fr5rty1h1zg7lbr-large,data/SBU-shadow/SBU-Test/ShadowImages/fr5rty1h1zg7lbr-large.jpg,data/SBU-shadow/SBU-Test/ShadowMasks/fr5rty1h1zg7lbr-large.png,6.239976104266271,2.2913942342286,15.544927019380312,0.22302626927156066,217,256,0.84765625,middle
shadows-kids,data/SBU-shadow/SBU-Test/ShadowImages/shadows-kids.jpg,data/SBU-shadow/SBU-Test/ShadowMasks/shadows-kids.png,6.223292876414465,4.3140432448006,10.210739344027917,0.20810432679147164,428,557,0.7684021543985637,middle
P8110076,data/SBU-shadow/SBU-Test/ShadowImages/P8110076.jpg,data/SBU-shadow/SBU-Test/ShadowMasks/P8110076.png,6.168644363108435,2.938206729803052,16.235707560324588,0.3190701724921537,319,513,0.621832358674464,middle
imagescafrte,data/SBU-shadow/SBU-Test/ShadowImages/imagescafrte.jpg,data/SBU-shadow/SBU-Test/ShadowMasks/imagescafrte.png,6.153964367675685,3.7052414205829303,10.34504765564068,0.31115170693495503,64,78,0.8205128205128205,middle
snow010,data/SBU-shadow/SBU-Test/ShadowImages/snow010.jpg,data/SBU-shadow/SBU-Test/ShadowMasks/snow010.png,6.15335602360612,5.52823647638781,8.691090812900361,0.32178370296330394,81,95,0.8526315789473684,middle
COCO_train2014_000000248565,data/SBU-shadow/SBU-Test/ShadowImages/COCO_train2014_000000248565.jpg,data/SBU-shadow/SBU-Test/ShadowMasks/COCO_train2014_000000248565.png,6.1373590423076045,2.2672489106352796,15.972266488308378,0.15947441092132852,86,120,0.7166666666666667,middle
490108-Greek-Shadows-0,data/SBU-shadow/SBU-Test/ShadowImages/490108-Greek-Shadows-0.jpg,data/SBU-shadow/SBU-Test/ShadowMasks/490108-Greek-Shadows-0.png,6.123832603545235,3.960678982279014,11.92526413628416,0.20249044854900947,223,394,0.565989847715736,middle
13191932324_cb403f5c0e,data/SBU-shadow/SBU-Test/ShadowImages/13191932324_cb403f5c0e.jpg,data/SBU-shadow/SBU-Test/ShadowMasks/13191932324_cb403f5c0e.png,6.0843809792663865,4.640994298483042,10.768043704719876,0.20856962697434403,182,217,0.8387096774193549,middle
COCO_train2014_000000212331,data/SBU-shadow/SBU-Test/ShadowImages/COCO_train2014_000000212331.jpg,data/SBU-shadow/SBU-Test/ShadowMasks/COCO_train2014_000000212331.png,6.074655512581739,3.21998101250795,9.613109749357566,0.20597577785374283,195,250,0.78,middle
IMG_8639,data/SBU-shadow/SBU-Test/ShadowImages/IMG_8639.jpg,data/SBU-shadow/SBU-Test/ShadowMasks/IMG_8639.png,6.06422619618818,3.107748996427704,18.462735370378912,0.15999384352502288,412,727,0.5667125171939478,middle
d09d326952b869a7d29ef5ccac21ec83,data/SBU-shadow/SBU-Test/ShadowImages/d09d326952b869a7d29ef5ccac21ec83.jpg,data/SBU-shadow/SBU-Test/ShadowMasks/d09d326952b869a7d29ef5ccac21ec83.png,5.980877732602993,3.528380969478203,10.87332079996492,0.0860345599462129,112,157,0.7133757961783439,middle
1407924307_e7ae4f7b9e_z,data/SBU-shadow/SBU-Test/ShadowImages/1407924307_e7ae4f7b9e_z.jpg,data/SBU-shadow/SBU-Test/ShadowMasks/1407924307_e7ae4f7b9e_z.png,5.975696058420539,5.125278016505819,8.268704114963288,0.48279486012769385,221,227,0.973568281938326,middle
Treasure_Guards_2011_BDRip_UkrEng_Hurtomavisnapshot00375620130623123122ceXsn,data/SBU-shadow/SBU-Test/ShadowImages/Treasure_Guards_2011_BDRip_UkrEng_Hurtomavisnapshot00375620130623123122ceXsn.jpg,data/SBU-shadow/SBU-Test/ShadowMasks/Treasure_Guards_2011_BDRip_UkrEng_Hurtomavisnapshot00375620130623123122ceXsn.png,5.960809677679348,3.103318755058579,12.021793792187307,0.2789623741616297,60,106,0.5660377358490566,middle
Jeff-BlueEng1,data/SBU-shadow/SBU-Test/ShadowImages/Jeff-BlueEng1.jpg,data/SBU-shadow/SBU-Test/ShadowMasks/Jeff-BlueEng1.png,5.945537924679745,3.4415816386754963,15.336380496488454,0.237602330558356,211,354,0.596045197740113,middle
1401128062000-USP-Tennis-French-Open-V-Williams-vs-Bencic,data/SBU-shadow/SBU-Test/ShadowImages/1401128062000-USP-Tennis-French-Open-V-Williams-vs-Bencic.jpg,data/SBU-shadow/SBU-Test/ShadowMasks/1401128062000-USP-Tennis-French-Open-V-Williams-vs-Bencic.png,5.941107875290421,2.65102232475291,15.518537339197634,0.1521840262008573,53,115,0.4608695652173913,middle
marcello-bertinetti-the-pyramids-of-menkaure-and-khafre,data/SBU-shadow/SBU-Test/ShadowImages/marcello-bertinetti-the-pyramids-of-menkaure-and-khafre.jpg,data/SBU-shadow/SBU-Test/ShadowMasks/marcello-bertinetti-the-pyramids-of-menkaure-and-khafre.png,5.912684995311662,2.7311983854927875,10.196312109847517,0.14243240161335802,219,341,0.6422287390029325,middle
y_15,data/SBU-shadow/SBU-Test/ShadowImages/y_15.jpg,data/SBU-shadow/SBU-Test/ShadowMasks/y_15.png,5.893081571221505,4.366626587013941,10.42853983043981,0.14163631251064618,128,185,0.6918918918918919,middle
122152646_d1,data/SBU-shadow/SBU-Test/ShadowImages/122152646_d1.jpg,data/SBU-shadow/SBU-Test/ShadowMasks/122152646_d1.png,5.85249221961196,2.798150325714674,16.436827739045118,0.06136876139625378,182,386,0.47150259067357514,middle
635685898842822888-USP-TENNIS-FRENCH-OPEN-FEDERER-VS-GRANOLLERS-73340280,data/SBU-shadow/SBU-Test/ShadowImages/635685898842822888-USP-TENNIS-FRENCH-OPEN-FEDERER-VS-GRANOLLERS-73340280.jpg,data/SBU-shadow/SBU-Test/ShadowMasks/635685898842822888-USP-TENNIS-FRENCH-OPEN-FEDERER-VS-GRANOLLERS-73340280.png,5.843945608942288,2.3559264516223717,10.389884243814812,0.12153659463538566,56,141,0.3971631205673759,middle
Roger-Federer-in-Madrid4,data/SBU-shadow/SBU-Test/ShadowImages/Roger-Federer-in-Madrid4.jpg,data/SBU-shadow/SBU-Test/ShadowMasks/Roger-Federer-in-Madrid4.png,5.8199765079144745,3.720647723990333,18.993567999867167,0.15500643189156882,44,84,0.5238095238095238,middle
474721840,data/SBU-shadow/SBU-Test/ShadowImages/474721840.jpg,data/SBU-shadow/SBU-Test/ShadowMasks/474721840.png,5.796614749815225,2.2145329127645215,29.734452464210968,0.11969091745656138,64,126,0.5079365079365079,middle
lisbon1shadows0001,data/SBU-shadow/SBU-Test/ShadowImages/lisbon1shadows0001.jpg,data/SBU-shadow/SBU-Test/ShadowMasks/lisbon1shadows0001.png,5.776645455262158,3.8933081242750474,9.5961447520773,0.31244695600994815,337,458,0.7358078602620087,middle
file64520076_2ee647d5,data/SBU-shadow/SBU-Test/ShadowImages/file64520076_2ee647d5.jpg,data/SBU-shadow/SBU-Test/ShadowMasks/file64520076_2ee647d5.png,5.732198355057718,3.390635786389786,9.668291704473678,0.4299920656138271,310,347,0.8933717579250721,middle
ea01a3f09716f4b8f7201397e31d479e.image.450x337,data/SBU-shadow/SBU-Test/ShadowImages/ea01a3f09716f4b8f7201397e31d479e.image.450x337.jpg,data/SBU-shadow/SBU-Test/ShadowMasks/ea01a3f09716f4b8f7201397e31d479e.image.450x337.png,5.7309501368246485,3.5782018629549475,12.679902962277062,0.16524156788393504,140,172,0.813953488372093,middle
lucie-safarova-2014-u.s.-open-tennis-tournament-in-new-york-city-3rd-round_13,data/SBU-shadow/SBU-Test/ShadowImages/lucie-safarova-2014-u.s.-open-tennis-tournament-in-new-york-city-3rd-round_13.jpg,data/SBU-shadow/SBU-Test/ShadowMasks/lucie-safarova-2014-u.s.-open-tennis-tournament-in-new-york-city-3rd-round_13.png,5.723905362298616,2.81907609228831,17.862328822000705,0.19366074170060643,93,151,0.6158940397350994,middle
80612_600,data/SBU-shadow/SBU-Test/ShadowImages/80612_600.jpg,data/SBU-shadow/SBU-Test/ShadowMasks/80612_600.png,5.696366430492878,3.1248076099219224,11.475105723470506,0.25616329726501763,155,249,0.6224899598393574,middle
zboard,data/SBU-shadow/SBU-Test/ShadowImages/zboard.jpg,data/SBU-shadow/SBU-Test/ShadowMasks/zboard.png,5.693073627372346,2.532450683953592,9.86381449877812,0.3725121894290125,313,413,0.7578692493946732,middle
9538,data/SBU-shadow/SBU-Test/ShadowImages/9538.jpg,data/SBU-shadow/SBU-Test/ShadowMasks/9538.png,5.686501165674013,3.4992374212086643,13.127512937984466,0.2704952749149444,82,96,0.8541666666666666,middle
3392986913_d12c3b0aa2_z,data/SBU-shadow/SBU-Test/ShadowImages/3392986913_d12c3b0aa2_z.jpg,data/SBU-shadow/SBU-Test/ShadowMasks/3392986913_d12c3b0aa2_z.png,5.658950500874283,3.5046015986178203,11.664001593378698,0.20568282776573144,279,339,0.8230088495575221,middle
27155532_imag0126,data/SBU-shadow/SBU-Test/ShadowImages/27155532_imag0126.jpg,data/SBU-shadow/SBU-Test/ShadowMasks/27155532_imag0126.png,5.640179329569786,5.0907534535775785,10.225779316725227,0.35497089524996345,69,70,0.9857142857142858,middle
Sacsayhuaman,data/SBU-shadow/SBU-Test/ShadowImages/Sacsayhuaman.jpg,data/SBU-shadow/SBU-Test/ShadowMasks/Sacsayhuaman.png,5.638321234976505,2.086526622060367,15.076445647015323,0.15868552899029315,285,437,0.6521739130434783,middle
h23_1,data/SBU-shadow/SBU-Test/ShadowImages/h23_1.jpg,data/SBU-shadow/SBU-Test/ShadowMasks/h23_1.png,5.588987646499891,4.424295021766206,8.283926154105266,0.4185231662450664,136,138,0.9855072463768116,middle
h48_1,data/SBU-shadow/SBU-Test/ShadowImages/h48_1.jpg,data/SBU-shadow/SBU-Test/ShadowMasks/h48_1.png,5.566334339785499,2.9660381580502406,9.53029111652482,0.21425354558089044,77,80,0.9625,middle
856_poliblok-15,data/SBU-shadow/SBU-Test/ShadowImages/856_poliblok-15.jpg,data/SBU-shadow/SBU-Test/ShadowMasks/856_poliblok-15.png,5.539068014586695,2.8565335699561265,13.441681614901812,0.1650951812438232,201,300,0.67,middle
8704a12s-960,data/SBU-shadow/SBU-Test/ShadowImages/8704a12s-960.jpg,data/SBU-shadow/SBU-Test/ShadowMasks/8704a12s-960.png,5.537039174955817,4.595566096349886,8.50182552634387,0.15118888677566994,67,83,0.8072289156626506,middle
Johnny Mte,data/SBU-shadow/SBU-Test/ShadowImages/Johnny Mte.jpg,data/SBU-shadow/SBU-Test/ShadowMasks/Johnny Mte.png,5.526572548954083,4.841844164625968,11.388862634395055,0.3631108224254627,52,82,0.6341463414634146,middle
antique-sickle-blade-knife-reaper-scythe-vintage-farm-primitive-old-wood-handle-Laurel-Leaf-Farm-item-no-k67118-5,data/SBU-shadow/SBU-Test/ShadowImages/antique-sickle-blade-knife-reaper-scythe-vintage-farm-primitive-old-wood-handle-Laurel-Leaf-Farm-item-no-k67118-5.jpg,data/SBU-shadow/SBU-Test/ShadowMasks/antique-sickle-blade-knife-reaper-scythe-vintage-farm-primitive-old-wood-handle-Laurel-Leaf-Farm-item-no-k67118-5.png,5.52085665862903,2.799911591689762,12.267436244348344,0.26690218436691027,190,226,0.8407079646017699,middle
rusbrick2,data/SBU-shadow/SBU-Test/ShadowImages/rusbrick2.jpg,data/SBU-shadow/SBU-Test/ShadowMasks/rusbrick2.png,5.479664565119757,2.20448873885991,15.211760566027799,0.20100537614331268,301,471,0.6390658174097664,middle
Logan-Lathe-Model-400-Lead-Screw-Bracket,data/SBU-shadow/SBU-Test/ShadowImages/Logan-Lathe-Model-400-Lead-Screw-Bracket.jpg,data/SBU-shadow/SBU-Test/ShadowMasks/Logan-Lathe-Model-400-Lead-Screw-Bracket.png,5.469687229320759,4.14732350556704,7.895999876802982,0.5534355587081207,56,119,0.47058823529411764,middle
f4f5decs-960,data/SBU-shadow/SBU-Test/ShadowImages/f4f5decs-960.jpg,data/SBU-shadow/SBU-Test/ShadowMasks/f4f5decs-960.png,5.465946072940213,3.567057242536783,8.756313984990921,0.20910669155169714,227,342,0.6637426900584795,middle
pista-atletism-2,data/SBU-shadow/SBU-Test/ShadowImages/pista-atletism-2.jpg,data/SBU-shadow/SBU-Test/ShadowMasks/pista-atletism-2.png,5.438156775370978,2.904667156520426,15.275793902232785,0.09725451194260497,331,731,0.4528043775649795,middle
ice fishingte,data/SBU-shadow/SBU-Test/ShadowImages/ice fishingte.jpg,data/SBU-shadow/SBU-Test/ShadowMasks/ice fishingte.png,5.412338278114252,3.092048333893701,11.92712684488188,0.27106536761668276,41,63,0.6507936507936508,middle
img_0815,data/SBU-shadow/SBU-Test/ShadowImages/img_0815.jpg,data/SBU-shadow/SBU-Test/ShadowMasks/img_0815.png,5.408616634728439,2.3506645584796253,19.836884779822483,0.1038549522054075,79,276,0.286231884057971,middle
montaj-dna-3-big,data/SBU-shadow/SBU-Test/ShadowImages/montaj-dna-3-big.jpg,data/SBU-shadow/SBU-Test/ShadowMasks/montaj-dna-3-big.png,5.402902885924343,1.9627654372978862,12.015712831758021,0.18056148735060734,175,237,0.7383966244725738,middle
musabaka_407537,data/SBU-shadow/SBU-Test/ShadowImages/musabaka_407537.jpg,data/SBU-shadow/SBU-Test/ShadowMasks/musabaka_407537.png,5.390554093953663,1.9969179422994074,9.131655839548488,0.07504281220691544,70,159,0.44025157232704404,middle
COCO_train2014_000000054254,data/SBU-shadow/SBU-Test/ShadowImages/COCO_train2014_000000054254.jpg,data/SBU-shadow/SBU-Test/ShadowMasks/COCO_train2014_000000054254.png,5.355326987506662,1.831952767762806,13.768563345210678,0.22214761640955416,61,104,0.5865384615384616,middle
Shadow-on-beach,data/SBU-shadow/SBU-Test/ShadowImages/Shadow-on-beach.jpg,data/SBU-shadow/SBU-Test/ShadowMasks/Shadow-on-beach.png,5.304155291940727,3.3310686233644233,10.271602868051424,0.2753572731491685,184,213,0.863849765258216,middle
image,data/SBU-shadow/SBU-Test/ShadowImages/image.jpg,data/SBU-shadow/SBU-Test/ShadowMasks/image.png,5.26689325571469,3.3332634885341275,10.646627547918367,0.13442104798702148,168,232,0.7241379310344828,middle
ce7fd0830442e73614f48bd5daa801b9crg,data/SBU-shadow/SBU-Test/ShadowImages/ce7fd0830442e73614f48bd5daa801b9crg.jpg,data/SBU-shadow/SBU-Test/ShadowMasks/ce7fd0830442e73614f48bd5daa801b9crg.png,5.228237042243245,3.017020425335381,10.162547417527389,0.22101109888410336,122,141,0.8652482269503546,middle
1419761658_026,data/SBU-shadow/SBU-Test/ShadowImages/1419761658_026.jpg,data/SBU-shadow/SBU-Test/ShadowMasks/1419761658_026.png,5.224191296684611,3.663629525123339,10.171986911528375,0.2708597809713754,205,248,0.8266129032258065,middle
11516579-bolt-w-washer-ring-screw-llc-holly-mi,data/SBU-shadow/SBU-Test/ShadowImages/11516579-bolt-w-washer-ring-screw-llc-holly-mi.jpg,data/SBU-shadow/SBU-Test/ShadowMasks/11516579-bolt-w-washer-ring-screw-llc-holly-mi.png,5.195026135360687,2.9754394017510837,7.132683554903147,0.2564051518099568,78,110,0.7090909090909091,middle
El+Diablo+Wood+Fired+Brick+Pizza+Oven+by+Keyes+and+BrickWood+Ovens+(15),data/SBU-shadow/SBU-Test/ShadowImages/El+Diablo+Wood+Fired+Brick+Pizza+Oven+by+Keyes+and+BrickWood+Ovens+(15).jpg,data/SBU-shadow/SBU-Test/ShadowMasks/El+Diablo+Wood+Fired+Brick+Pizza+Oven+by+Keyes+and+BrickWood+Ovens+(15).png,5.193520750077555,3.4377310535507197,11.957092938224852,0.31470430443453673,199,249,0.7991967871485943,middle
Winter-Hibernot-Horseshoe-Resort-Snowshoe-Shadow,data/SBU-shadow/SBU-Test/ShadowImages/Winter-Hibernot-Horseshoe-Resort-Snowshoe-Shadow.jpg,data/SBU-shadow/SBU-Test/ShadowMasks/Winter-Hibernot-Horseshoe-Resort-Snowshoe-Shadow.png,5.18569439095452,3.5856456670139267,7.257842889821527,0.4429363417345811,106,108,0.9814814814814815,middle
foto-muhabiri--i402613,data/SBU-shadow/SBU-Test/ShadowImages/foto-muhabiri--i402613.jpg,data/SBU-shadow/SBU-Test/ShadowMasks/foto-muhabiri--i402613.png,5.183121217356182,3.842298827671356,9.618279616488806,0.1016532023244391,31,93,0.3333333333333333,middle
81818878,data/SBU-shadow/SBU-Test/ShadowImages/81818878.jpg,data/SBU-shadow/SBU-Test/ShadowMasks/81818878.png,5.178808335535623,2.2708201950111215,10.29874630972689,0.27238561785979465,175,316,0.5537974683544303,middle
194555-e815c-34301122-m750x740,data/SBU-shadow/SBU-Test/ShadowImages/194555-e815c-34301122-m750x740.jpg,data/SBU-shadow/SBU-Test/ShadowMasks/194555-e815c-34301122-m750x740.png,5.178557164352611,2.0058354863723196,13.229308489423747,0.18790981937825194,72,105,0.6857142857142857,middle
tennis-superstar-novak-djokovic-went-glutenfree-and-upped-his-performanc_944_510641_1_14052249_300,data/SBU-shadow/SBU-Test/ShadowImages/tennis-superstar-novak-djokovic-went-glutenfree-and-upped-his-performanc_944_510641_1_14052249_300.jpg,data/SBU-shadow/SBU-Test/ShadowMasks/tennis-superstar-novak-djokovic-went-glutenfree-and-upped-his-performanc_944_510641_1_14052249_300.png,5.144455095608446,3.009949179822442,16.153213252150966,0.14307291487230164,115,166,0.6927710843373494,middle
img-060705-171014-p-018t000te,data/SBU-shadow/SBU-Test/ShadowImages/img-060705-171014-p-018t000te.jpg,data/SBU-shadow/SBU-Test/ShadowMasks/img-060705-171014-p-018t000te.png,5.137637792553584,4.22902281968522,6.789490858228904,0.42994879642345984,73,85,0.8588235294117647,middle
DSC09153,data/SBU-shadow/SBU-Test/ShadowImages/DSC09153.jpg,data/SBU-shadow/SBU-Test/ShadowMasks/DSC09153.png,5.129983908556761,2.9678126513785896,7.5777905308223295,0.34243191340219176,170,213,0.7981220657276995,middle
mike-theiss-the-shadow-of-a-man-waving-cast-on-highway-blacktop,data/SBU-shadow/SBU-Test/ShadowImages/mike-theiss-the-shadow-of-a-man-waving-cast-on-highway-blacktop.jpg,data/SBU-shadow/SBU-Test/ShadowMasks/mike-theiss-the-shadow-of-a-man-waving-cast-on-highway-blacktop.png,5.108271186272084,2.945039939520213,11.993706683742941,0.21169548283030357,50,73,0.684931506849315,middle
IMSA-Wide-Body-rear-quarter-panels,data/SBU-shadow/SBU-Test/ShadowImages/IMSA-Wide-Body-rear-quarter-panels.jpg,data/SBU-shadow/SBU-Test/ShadowMasks/IMSA-Wide-Body-rear-quarter-panels.png,5.091450873636666,3.3768847719150585,9.823067956044717,0.22203747316454187,191,249,0.7670682730923695,middle
blogger-image--413105125,data/SBU-shadow/SBU-Test/ShadowImages/blogger-image--413105125.jpg,data/SBU-shadow/SBU-Test/ShadowMasks/blogger-image--413105125.png,5.089112824664403,4.0587375313999985,7.935770179057719,0.33243087864409404,178,191,0.9319371727748691,middle
ofe87U4-RME,data/SBU-shadow/SBU-Test/ShadowImages/ofe87U4-RME.jpg,data/SBU-shadow/SBU-Test/ShadowMasks/ofe87U4-RME.png,5.0829895429519745,2.8714206120918684,12.285105853268485,0.39453040926794836,159,238,0.6680672268907563,middle
IMG_4593,data/SBU-shadow/SBU-Test/ShadowImages/IMG_4593.jpg,data/SBU-shadow/SBU-Test/ShadowMasks/IMG_4593.png,5.053205547482631,3.6367369819664606,8.149345557840633,0.3102811759871513,121,127,0.952755905511811,middle
Rafael-Nadal-training-img5348_668,data/SBU-shadow/SBU-Test/ShadowImages/Rafael-Nadal-training-img5348_668.jpg,data/SBU-shadow/SBU-Test/ShadowMasks/Rafael-Nadal-training-img5348_668.png,5.026998600112948,3.0987324797024107,8.552983990542687,0.16028083283048614,54,123,0.43902439024390244,middle
h1_2,data/SBU-shadow/SBU-Test/ShadowImages/h1_2.jpg,data/SBU-shadow/SBU-Test/ShadowMasks/h1_2.png,5.024662563385049,3.449514424378476,9.350401095706497,0.18248058575111265,140,184,0.7608695652173914,middle
b874b42s-960,data/SBU-shadow/SBU-Test/ShadowImages/b874b42s-960.jpg,data/SBU-shadow/SBU-Test/ShadowMasks/b874b42s-960.png,4.981819421377218,3.244759356674241,9.337969892260158,0.2581663483823136,136,201,0.6766169154228856,middle
607ac2fe1109,data/SBU-shadow/SBU-Test/ShadowImages/607ac2fe1109.jpg,data/SBU-shadow/SBU-Test/ShadowMasks/607ac2fe1109.png,4.979622834299285,2.446836869986578,17.777405464391947,0.20974146506323102,157,308,0.5097402597402597,middle
yedek-parca-yedek-parcaMERCEDES-BENZ---1_big--15020315255222153700,data/SBU-shadow/SBU-Test/ShadowImages/yedek-parca-yedek-parcaMERCEDES-BENZ---1_big--15020315255222153700.jpg,data/SBU-shadow/SBU-Test/ShadowMasks/yedek-parca-yedek-parcaMERCEDES-BENZ---1_big--15020315255222153700.png,4.928400928661898,2.711511957119953,13.219746293718197,0.2101106958430953,260,346,0.7514450867052023,middle
P7310344_t,data/SBU-shadow/SBU-Test/ShadowImages/P7310344_t.jpg,data/SBU-shadow/SBU-Test/ShadowMasks/P7310344_t.png,4.924239448057024,3.856888575321075,9.78011822499582,0.25126243748274,372,511,0.7279843444227005,middle
1383125016707_bulletin,data/SBU-shadow/SBU-Test/ShadowImages/1383125016707_bulletin.jpg,data/SBU-shadow/SBU-Test/ShadowMasks/1383125016707_bulletin.png,4.911702513516582,3.3478524847162556,10.925770112667749,0.21967760747187035,166,208,0.7980769230769231,middle
IS-1m8yzbyjm2yjh,data/SBU-shadow/SBU-Test/ShadowImages/IS-1m8yzbyjm2yjh.jpg,data/SBU-shadow/SBU-Test/ShadowMasks/IS-1m8yzbyjm2yjh.png,4.877639093820935,3.1568875864143404,8.940111882978455,0.19298563436958535,73,112,0.6517857142857143,middle
shadow122,data/SBU-shadow/SBU-Test/ShadowImages/shadow122.jpg,data/SBU-shadow/SBU-Test/ShadowMasks/shadow122.png,4.875218101820556,3.2720905642623417,11.469479780981704,0.2112343048195655,170,198,0.8585858585858586,middle
DSCN6111,data/SBU-shadow/SBU-Test/ShadowImages/DSCN6111.jpg,data/SBU-shadow/SBU-Test/ShadowMasks/DSCN6111.png,4.852400359586341,2.8562771069380726,9.88334644992804,0.24426616351397398,316,442,0.7149321266968326,middle
upcycled-pallet-coffee-table-and-TV-stand,data/SBU-shadow/SBU-Test/ShadowImages/upcycled-pallet-coffee-table-and-TV-stand.jpg,data/SBU-shadow/SBU-Test/ShadowMasks/upcycled-pallet-coffee-table-and-TV-stand.png,4.806764274270882,2.459637383492221,12.16137257810863,0.25968898446076893,306,530,0.5773584905660377,middle
feather_rock_boulder,data/SBU-shadow/SBU-Test/ShadowImages/feather_rock_boulder.jpg,data/SBU-shadow/SBU-Test/ShadowMasks/feather_rock_boulder.png,4.803733719305588,2.2847037424933943,11.62099775291134,0.14859228169476296,168,224,0.75,middle
"other-dessert-air-filter,3794_2","data/SBU-shadow/SBU-Test/ShadowImages/other-dessert-air-filter,3794_2.jpg","data/SBU-shadow/SBU-Test/ShadowMasks/other-dessert-air-filter,3794_2.png",4.786020369892695,2.781213041161675,8.320259640785324,0.2259650160271795,135,157,0.8598726114649682,middle
COCO_train2014_000000012459,data/SBU-shadow/SBU-Test/ShadowImages/COCO_train2014_000000012459.jpg,data/SBU-shadow/SBU-Test/ShadowMasks/COCO_train2014_000000012459.png,4.7770748881747,2.8400851561688194,8.177921711407693,0.39165591872085476,208,352,0.5909090909090909,middle
f2da1379f7ebfb08ab1fd5ccfd4be2bf,data/SBU-shadow/SBU-Test/ShadowImages/f2da1379f7ebfb08ab1fd5ccfd4be2bf.jpg,data/SBU-shadow/SBU-Test/ShadowMasks/f2da1379f7ebfb08ab1fd5ccfd4be2bf.png,4.760937531207956,3.508298932961824,8.383668038070567,0.2740892995892054,149,191,0.7801047120418848,middle
radweg,data/SBU-shadow/SBU-Test/ShadowImages/radweg.jpg,data/SBU-shadow/SBU-Test/ShadowMasks/radweg.png,4.748079115817193,2.7527050444795416,18.904835460799188,0.21204209212903988,242,483,0.5010351966873706,middle
beylikduzunde_kendi_in_aat_m_zdan_satl_k_komisyonsuz_daireler_s1_98019124011171157,data/SBU-shadow/SBU-Test/ShadowImages/beylikduzunde_kendi_in_aat_m_zdan_satl_k_komisyonsuz_daireler_s1_98019124011171157.jpg,data/SBU-shadow/SBU-Test/ShadowMasks/beylikduzunde_kendi_in_aat_m_zdan_satl_k_komisyonsuz_daireler_s1_98019124011171157.png,4.734253635238902,3.710858914074292,7.697243897118234,0.3688960234223932,79,83,0.9518072289156626,middle
ScrewOnHoldsToConcrete2,data/SBU-shadow/SBU-Test/ShadowImages/ScrewOnHoldsToConcrete2.jpg,data/SBU-shadow/SBU-Test/ShadowMasks/ScrewOnHoldsToConcrete2.png,4.7328288680259725,2.4743479641558266,11.712986078371182,0.1548629720459758,192,304,0.631578947368421,middle
DSCF4142,data/SBU-shadow/SBU-Test/ShadowImages/DSCF4142.jpg,data/SBU-shadow/SBU-Test/ShadowMasks/DSCF4142.png,4.709063519064335,3.54949913427703,7.226596764600009,0.20628369179826414,156,231,0.6753246753246753,middle
COCO_train2014_000000287364,data/SBU-shadow/SBU-Test/ShadowImages/COCO_train2014_000000287364.jpg,data/SBU-shadow/SBU-Test/ShadowMasks/COCO_train2014_000000287364.png,4.6671566098334445,2.4160935290676537,7.788006572821921,0.23345974905784644,65,84,0.7738095238095238,middle
imagestre,data/SBU-shadow/SBU-Test/ShadowImages/imagestre.jpg,data/SBU-shadow/SBU-Test/ShadowMasks/imagestre.png,4.60099861756838,3.3735579720114246,6.04560649234042,0.22681318936398992,60,124,0.4838709677419355,middle
lugansk-vzryv-01,data/SBU-shadow/SBU-Test/ShadowImages/lugansk-vzryv-01.jpg,data/SBU-shadow/SBU-Test/ShadowMasks/lugansk-vzryv-01.png,4.594967399759533,2.8888025279070675,11.06303813914302,0.21446233439281867,30,32,0.9375,middle
COCO_train2014_000000031738,data/SBU-shadow/SBU-Test/ShadowImages/COCO_train2014_000000031738.jpg,data/SBU-shadow/SBU-Test/ShadowMasks/COCO_train2014_000000031738.png,4.552244501138956,2.413295535495731,11.604087234438257,0.21932958467336394,105,195,0.5384615384615384,middle
COCO_train2014_000000088208,data/SBU-shadow/SBU-Test/ShadowImages/COCO_train2014_000000088208.jpg,data/SBU-shadow/SBU-Test/ShadowMasks/COCO_train2014_000000088208.png,4.478845589970959,4.478845589970959,4.478845589970959,0.10943304430192154,6,31,0.1935483870967742,middle
1811697251,data/SBU-shadow/SBU-Test/ShadowImages/1811697251.jpg,data/SBU-shadow/SBU-Test/ShadowMasks/1811697251.png,4.476954400289087,3.1201741825465583,6.897088418415798,0.13788747740773033,32,33,0.9696969696969697,middle
60977-5325429,data/SBU-shadow/SBU-Test/ShadowImages/60977-5325429.jpg,data/SBU-shadow/SBU-Test/ShadowMasks/60977-5325429.png,4.47429621743416,3.0050420607515917,11.31275913561123,0.2311445221338662,130,159,0.8176100628930818,middle
Sahara-shadows,data/SBU-shadow/SBU-Test/ShadowImages/Sahara-shadows.jpg,data/SBU-shadow/SBU-Test/ShadowMasks/Sahara-shadows.png,4.472171507224395,3.070416049880365,7.89608195059821,0.24354787471431735,239,315,0.7587301587301587,middle
foto_mare_sardegna_porto_alabe_0006,data/SBU-shadow/SBU-Test/ShadowImages/foto_mare_sardegna_porto_alabe_0006.jpg,data/SBU-shadow/SBU-Test/ShadowMasks/foto_mare_sardegna_porto_alabe_0006.png,4.435983802483914,3.810999107902349,7.105032919890711,0.18891191211646816,66,66,1.0,middle
109521750_1ce22e8cd8_z,data/SBU-shadow/SBU-Test/ShadowImages/109521750_1ce22e8cd8_z.jpg,data/SBU-shadow/SBU-Test/ShadowMasks/109521750_1ce22e8cd8_z.png,4.432719042744953,1.4136074595495909,19.669297930167335,0.14601169536898187,366,1036,0.3532818532818533,middle
Jan+03+Snow+rice+fieldte,data/SBU-shadow/SBU-Test/ShadowImages/Jan+03+Snow+rice+fieldte.jpg,data/SBU-shadow/SBU-Test/ShadowMasks/Jan+03+Snow+rice+fieldte.png,4.426751773460381,2.9178362297140863,9.869620152427688,0.37652669771901937,116,127,0.9133858267716536,middle
367531577,data/SBU-shadow/SBU-Test/ShadowImages/367531577.jpg,data/SBU-shadow/SBU-Test/ShadowMasks/367531577.png,4.408257517199881,3.878426544318414,9.659955685537202,0.28733715668941534,100,107,0.9345794392523364,middle
dsc00353,data/SBU-shadow/SBU-Test/ShadowImages/dsc00353.jpg,data/SBU-shadow/SBU-Test/ShadowMasks/dsc00353.png,4.397401842508772,2.2213622476771144,6.366271999198015,0.19767911972757513,141,199,0.7085427135678392,middle
afp-520143831,data/SBU-shadow/SBU-Test/ShadowImages/afp-520143831.jpg,data/SBU-shadow/SBU-Test/ShadowMasks/afp-520143831.png,4.3876666889330895,2.849068894443814,13.462706341735982,0.07733559745587021,130,200,0.65,hard
piknikdika64,data/SBU-shadow/SBU-Test/ShadowImages/piknikdika64.jpg,data/SBU-shadow/SBU-Test/ShadowMasks/piknikdika64.png,4.365708178191882,2.860767688241166,12.389102521264764,0.16346747042007337,128,182,0.7032967032967034,hard
1468477058,data/SBU-shadow/SBU-Test/ShadowImages/1468477058.jpg,data/SBU-shadow/SBU-Test/ShadowMasks/1468477058.png,4.357473412992887,2.5929767825144205,13.72790949307921,0.22742083663853288,224,468,0.47863247863247865,hard
3b37dc70ffee3cf2aa59d8473a1e87e5_735x418,data/SBU-shadow/SBU-Test/ShadowImages/3b37dc70ffee3cf2aa59d8473a1e87e5_735x418.jpg,data/SBU-shadow/SBU-Test/ShadowMasks/3b37dc70ffee3cf2aa59d8473a1e87e5_735x418.png,4.343315543912828,2.58649626480659,12.030966362981623,0.25141604883741403,235,301,0.7807308970099668,hard
IMG_8243,data/SBU-shadow/SBU-Test/ShadowImages/IMG_8243.jpg,data/SBU-shadow/SBU-Test/ShadowMasks/IMG_8243.png,4.334940524112188,2.6930508885374707,14.488983528417508,0.2695372963727927,94,175,0.5371428571428571,hard
shadow-people-universal-studios-fla--large-msg-120753110045,data/SBU-shadow/SBU-Test/ShadowImages/shadow-people-universal-studios-fla--large-msg-120753110045.jpg,data/SBU-shadow/SBU-Test/ShadowMasks/shadow-people-universal-studios-fla--large-msg-120753110045.png,4.295310750872105,3.4505958239679124,5.270965568218131,0.5771031447716105,195,249,0.7831325301204819,hard
l,data/SBU-shadow/SBU-Test/ShadowImages/l.jpg,data/SBU-shadow/SBU-Test/ShadowMasks/l.png,4.292403742032949,2.5096631522927586,11.172877360970748,0.3251848201532686,134,218,0.6146788990825688,hard
big_7,data/SBU-shadow/SBU-Test/ShadowImages/big_7.jpg,data/SBU-shadow/SBU-Test/ShadowMasks/big_7.png,4.2884218491493895,1.9081445843804399,14.492203416390971,0.16723371051310257,414,715,0.579020979020979,hard
full_walkingsign-and-shadow,data/SBU-shadow/SBU-Test/ShadowImages/full_walkingsign-and-shadow.jpg,data/SBU-shadow/SBU-Test/ShadowMasks/full_walkingsign-and-shadow.png,4.2829713379816905,2.7171535911505926,13.521627425374149,0.0965605936061388,147,174,0.8448275862068966,hard
cb1c367cf984f0ad2cae4fa928f517fc_L,data/SBU-shadow/SBU-Test/ShadowImages/cb1c367cf984f0ad2cae4fa928f517fc_L.jpg,data/SBU-shadow/SBU-Test/ShadowMasks/cb1c367cf984f0ad2cae4fa928f517fc_L.png,4.2670412359622,2.7648475396875325,9.302844738445218,0.2201638974576052,203,276,0.7355072463768116,hard
db6b238s-960,data/SBU-shadow/SBU-Test/ShadowImages/db6b238s-960.jpg,data/SBU-shadow/SBU-Test/ShadowMasks/db6b238s-960.png,4.197611304794165,2.2299621458621877,16.98640138538594,0.195067198258668,138,241,0.5726141078838174,hard
COCO_train2014_000000046737,data/SBU-shadow/SBU-Test/ShadowImages/COCO_train2014_000000046737.jpg,data/SBU-shadow/SBU-Test/ShadowMasks/COCO_train2014_000000046737.png,4.16537707253779,3.103799922746025,12.005349491675233,0.2502572213112025,152,238,0.6386554621848739,hard
photo_786280_663507,data/SBU-shadow/SBU-Test/ShadowImages/photo_786280_663507.jpg,data/SBU-shadow/SBU-Test/ShadowMasks/photo_786280_663507.png,4.113787402892364,2.50433102731269,10.28416238386222,0.2511052435530097,182,216,0.8425925925925926,hard
DTR200-carburetor_13,data/SBU-shadow/SBU-Test/ShadowImages/DTR200-carburetor_13.jpg,data/SBU-shadow/SBU-Test/ShadowMasks/DTR200-carburetor_13.png,4.109183568599583,2.617060652244316,13.903659094114193,0.15522328180451822,215,376,0.5718085106382979,hard
COCO_train2014_000000095879,data/SBU-shadow/SBU-Test/ShadowImages/COCO_train2014_000000095879.jpg,data/SBU-shadow/SBU-Test/ShadowMasks/COCO_train2014_000000095879.png,4.062016082484915,2.0995480107024003,14.616109157616725,0.25655027900127547,168,310,0.5419354838709678,hard
rus3,data/SBU-shadow/SBU-Test/ShadowImages/rus3.jpg,data/SBU-shadow/SBU-Test/ShadowMasks/rus3.png,4.054158043180835,2.285813701857286,11.919935589258406,0.28207989087228236,133,182,0.7307692307692307,hard
i4356,data/SBU-shadow/SBU-Test/ShadowImages/i4356.jpg,data/SBU-shadow/SBU-Test/ShadowMasks/i4356.png,4.052994547034613,2.3512872529796347,10.381573802612602,0.2512580278983781,120,152,0.7894736842105263,hard
shadow-on-brick-wall-of-couple-gillham-studios,data/SBU-shadow/SBU-Test/ShadowImages/shadow-on-brick-wall-of-couple-gillham-studios.jpg,data/SBU-shadow/SBU-Test/ShadowMasks/shadow-on-brick-wall-of-couple-gillham-studios.png,4.051419855607705,2.4635681668095675,7.493545236138253,0.5717668009013548,158,188,0.8404255319148937,hard
suzuki_gsxr_750_2000_13_lgw,data/SBU-shadow/SBU-Test/ShadowImages/suzuki_gsxr_750_2000_13_lgw.jpg,data/SBU-shadow/SBU-Test/ShadowMasks/suzuki_gsxr_750_2000_13_lgw.png,4.027898634970075,2.9273287028938917,11.08195087904809,0.13769803662511376,70,188,0.3723404255319149,hard
o-BABIES-SHADOWS-facebook,data/SBU-shadow/SBU-Test/ShadowImages/o-BABIES-SHADOWS-facebook.jpg,data/SBU-shadow/SBU-Test/ShadowMasks/o-BABIES-SHADOWS-facebook.png,4.009359851228529,3.334376399388967,5.424836484233843,0.3963635479075122,109,117,0.9316239316239316,hard
runningsandalshadow500,data/SBU-shadow/SBU-Test/ShadowImages/runningsandalshadow500.jpg,data/SBU-shadow/SBU-Test/ShadowMasks/runningsandalshadow500.png,4.0088983124030975,2.9505185967429517,10.64907236539718,0.22307658984539896,182,219,0.8310502283105022,hard
SUB-TENNIS-1-master315,data/SBU-shadow/SBU-Test/ShadowImages/SUB-TENNIS-1-master315.jpg,data/SBU-shadow/SBU-Test/ShadowMasks/SUB-TENNIS-1-master315.png,4.002730959712177,2.5546209475981265,9.15478352939316,0.09928489739315444,77,184,0.41847826086956524,hard
DSCF1850-1,data/SBU-shadow/SBU-Test/ShadowImages/DSCF1850-1.jpg,data/SBU-shadow/SBU-Test/ShadowMasks/DSCF1850-1.png,3.9679039248437418,3.379734570879387,5.274025795929989,0.4857594558445484,182,199,0.914572864321608,hard
show______________,data/SBU-shadow/SBU-Test/ShadowImages/show______________.jpg,data/SBU-shadow/SBU-Test/ShadowMasks/show______________.png,3.952778039210827,2.2801652691137306,7.977728004799172,0.2960017831394777,168,267,0.6292134831460674,hard
COCO_train2014_000000038022,data/SBU-shadow/SBU-Test/ShadowImages/COCO_train2014_000000038022.jpg,data/SBU-shadow/SBU-Test/ShadowMasks/COCO_train2014_000000038022.png,3.9290469786659106,2.1795183289284665,10.626198055413491,0.2183550062018146,157,323,0.48606811145510836,hard
0_d3877_7f6eff76_L,data/SBU-shadow/SBU-Test/ShadowImages/0_d3877_7f6eff76_L.jpg,data/SBU-shadow/SBU-Test/ShadowMasks/0_d3877_7f6eff76_L.png,3.8826017665367805,2.101881658632701,15.265527832220611,0.1574803591678628,202,368,0.5489130434782609,hard
7Ir2uvYte,data/SBU-shadow/SBU-Test/ShadowImages/7Ir2uvYte.jpg,data/SBU-shadow/SBU-Test/ShadowMasks/7Ir2uvYte.png,3.853390467158018,2.554773400007273,14.710489870621313,0.30585995322554116,83,100,0.83,hard
up16248-post-19-1154055489,data/SBU-shadow/SBU-Test/ShadowImages/up16248-post-19-1154055489.jpg,data/SBU-shadow/SBU-Test/ShadowMasks/up16248-post-19-1154055489.png,3.840413468723584,3.3496143157803893,5.211891888871677,0.24007080980936116,98,132,0.7424242424242424,hard
EFE447FD9C1211025557513990144_SW_WEBM_1431705200030_image,data/SBU-shadow/SBU-Test/ShadowImages/EFE447FD9C1211025557513990144_SW_WEBM_1431705200030_image.jpg,data/SBU-shadow/SBU-Test/ShadowMasks/EFE447FD9C1211025557513990144_SW_WEBM_1431705200030_image.png,3.8032129172218685,2.2841049710291697,18.778614873034396,0.33353711037312733,110,226,0.48672566371681414,hard
IMG_3984,data/SBU-shadow/SBU-Test/ShadowImages/IMG_3984.jpg,data/SBU-shadow/SBU-Test/ShadowMasks/IMG_3984.png,3.7894908750198573,2.91437201827017,11.596180210341045,0.27152308996744123,219,297,0.7373737373737373,hard
COCO_train2014_000000216694,data/SBU-shadow/SBU-Test/ShadowImages/COCO_train2014_000000216694.jpg,data/SBU-shadow/SBU-Test/ShadowMasks/COCO_train2014_000000216694.png,3.7797647299616877,2.256889483891136,10.091155069016267,0.3852841451161746,88,151,0.5827814569536424,hard
80251-732c0-47245934-m750x740-u7c59c,data/SBU-shadow/SBU-Test/ShadowImages/80251-732c0-47245934-m750x740-u7c59c.jpg,data/SBU-shadow/SBU-Test/ShadowMasks/80251-732c0-47245934-m750x740-u7c59c.png,3.7540699731630607,3.038205343785327,5.404148640817066,0.23235260036141767,113,157,0.7197452229299363,hard
f_1194685,data/SBU-shadow/SBU-Test/ShadowImages/f_1194685.jpg,data/SBU-shadow/SBU-Test/ShadowMasks/f_1194685.png,3.694953289345299,2.40164863753911,12.96912482825469,0.26277834358844343,255,496,0.5141129032258065,hard
5e3c28cs-960,data/SBU-shadow/SBU-Test/ShadowImages/5e3c28cs-960.jpg,data/SBU-shadow/SBU-Test/ShadowMasks/5e3c28cs-960.png,3.689774074056393,2.600355048950465,10.285598213842798,0.29888380326897046,217,346,0.6271676300578035,hard
homemade-wood-waterproofing-800x800,data/SBU-shadow/SBU-Test/ShadowImages/homemade-wood-waterproofing-800x800.jpg,data/SBU-shadow/SBU-Test/ShadowMasks/homemade-wood-waterproofing-800x800.png,3.665823268936993,2.777420981740948,8.63149138974483,0.27010490851901164,102,106,0.9622641509433962,hard
tendark,data/SBU-shadow/SBU-Test/ShadowImages/tendark.jpg,data/SBU-shadow/SBU-Test/ShadowMasks/tendark.png,3.6093934834309076,2.9641469966265577,4.900386864436845,0.35270838840990937,156,251,0.6215139442231076,hard
ana-ivanovic-2015-french-tennis-open-at-roland-garros-in-paris-2nd-round_3,data/SBU-shadow/SBU-Test/ShadowImages/ana-ivanovic-2015-french-tennis-open-at-roland-garros-in-paris-2nd-round_3.jpg,data/SBU-shadow/SBU-Test/ShadowMasks/ana-ivanovic-2015-french-tennis-open-at-roland-garros-in-paris-2nd-round_3.png,3.6012410144477887,2.800784608241806,6.706003681164104,0.11527605144570725,93,181,0.5138121546961326,hard
photodune-7841780-superhero-kid-xs,data/SBU-shadow/SBU-Test/ShadowImages/photodune-7841780-superhero-kid-xs.jpg,data/SBU-shadow/SBU-Test/ShadowMasks/photodune-7841780-superhero-kid-xs.png,3.5820444010039902,2.48031538181048,6.733749535604641,0.10284306203082347,205,256,0.80078125,hard
vk9aUuGfFgK4nPvbeyXeA,data/SBU-shadow/SBU-Test/ShadowImages/vk9aUuGfFgK4nPvbeyXeA.jpg,data/SBU-shadow/SBU-Test/ShadowMasks/vk9aUuGfFgK4nPvbeyXeA.png,3.562377020454727,2.9050322966602633,6.386925968189596,0.3931391485727205,81,92,0.8804347826086957,hard
91e24aas-960,data/SBU-shadow/SBU-Test/ShadowImages/91e24aas-960.jpg,data/SBU-shadow/SBU-Test/ShadowMasks/91e24aas-960.png,3.5374851930178255,2.4842338769374828,13.943067059791343,0.19633805003091168,282,443,0.636568848758465,hard
d1ac9449b803b6b5a88a661d74783493-getty-510347528,data/SBU-shadow/SBU-Test/ShadowImages/d1ac9449b803b6b5a88a661d74783493-getty-510347528.jpg,data/SBU-shadow/SBU-Test/ShadowMasks/d1ac9449b803b6b5a88a661d74783493-getty-510347528.png,3.5365043907256943,2.625397584208952,16.43528350254998,0.16938422112173449,78,124,0.6290322580645161,hard
24-624x417,data/SBU-shadow/SBU-Test/ShadowImages/24-624x417.jpg,data/SBU-shadow/SBU-Test/ShadowMasks/24-624x417.png,3.51419525503087,1.994758021630024,16.740779842960436,0.2029671439709515,100,216,0.46296296296296297,hard
tennis20,data/SBU-shadow/SBU-Test/ShadowImages/tennis20.jpg,data/SBU-shadow/SBU-Test/ShadowMasks/tennis20.png,3.503740838336908,2.820203452881289,5.647756790440418,0.18484394247058067,83,197,0.4213197969543147,hard
img54281-267te,data/SBU-shadow/SBU-Test/ShadowImages/img54281-267te.jpg,data/SBU-shadow/SBU-Test/ShadowMasks/img54281-267te.png,3.4998798775224116,2.8751657755042914,9.957687110803015,0.2294313351078107,81,173,0.4682080924855491,hard
9736662,data/SBU-shadow/SBU-Test/ShadowImages/9736662.jpg,data/SBU-shadow/SBU-Test/ShadowMasks/9736662.png,3.4863763664197056,2.3260138121224334,12.706614711966822,0.1330373065734252,72,130,0.5538461538461539,hard
foto-42-2_bianchessita0001b,data/SBU-shadow/SBU-Test/ShadowImages/foto-42-2_bianchessita0001b.jpg,data/SBU-shadow/SBU-Test/ShadowMasks/foto-42-2_bianchessita0001b.png,3.4852179981756217,2.123536855501772,7.432937108359008,0.2789560183459125,144,152,0.9473684210526315,hard
1_52930016a7d5652930016a7d91,data/SBU-shadow/SBU-Test/ShadowImages/1_52930016a7d5652930016a7d91.jpg,data/SBU-shadow/SBU-Test/ShadowMasks/1_52930016a7d5652930016a7d91.png,3.461370212625453,2.7596404269955532,5.040654320546807,0.2599363124230877,50,67,0.746268656716418,hard
granitus_1-2000x925,data/SBU-shadow/SBU-Test/ShadowImages/granitus_1-2000x925.jpg,data/SBU-shadow/SBU-Test/ShadowMasks/granitus_1-2000x925.png,3.4534317035886155,3.0096358405129546,4.588697227031284,0.33190255604507723,58,59,0.9830508474576272,hard
floor,data/SBU-shadow/SBU-Test/ShadowImages/floor.jpg,data/SBU-shadow/SBU-Test/ShadowMasks/floor.png,3.4358519120649333,2.2180342300061042,11.492497459501509,0.22625409113479458,77,107,0.719626168224299,hard
inthepink-9-0-6,data/SBU-shadow/SBU-Test/ShadowImages/inthepink-9-0-6.jpg,data/SBU-shadow/SBU-Test/ShadowMasks/inthepink-9-0-6.png,3.425869073176875,2.625275389791476,5.731302117512097,0.08205161139339907,60,89,0.6741573033707865,hard
GrHqNHJBUE-cElU6TrBP)frEyis!60_12,data/SBU-shadow/SBU-Test/ShadowImages/GrHqNHJBUE-cElU6TrBP)frEyis!60_12.jpg,data/SBU-shadow/SBU-Test/ShadowMasks/GrHqNHJBUE-cElU6TrBP)frEyis!60_12.png,3.39634973636975,2.4341928896989735,10.31657536126789,0.13636175099842757,158,259,0.61003861003861,hard
v_4,data/SBU-shadow/SBU-Test/ShadowImages/v_4.jpg,data/SBU-shadow/SBU-Test/ShadowMasks/v_4.png,3.3669349883306463,2.758934581160373,4.397966679450935,0.23605672984038603,111,140,0.7928571428571428,hard
WP_20140811_011,data/SBU-shadow/SBU-Test/ShadowImages/WP_20140811_011.jpg,data/SBU-shadow/SBU-Test/ShadowMasks/WP_20140811_011.png,3.356589917360573,2.380751079107146,7.20999520592161,0.3079774445298357,163,183,0.8907103825136612,hard
Building and Shadow 1 (2007),data/SBU-shadow/SBU-Test/ShadowImages/Building and Shadow 1 (2007).jpg,data/SBU-shadow/SBU-Test/ShadowMasks/Building and Shadow 1 (2007).png,3.3224018502776467,2.6720743198963373,4.731416703321014,0.48200376529873,175,281,0.6227758007117438,hard
Grigor+Dimitrov+Legg+Mason+Tennis+Classic+f6LbS_YHtOml,data/SBU-shadow/SBU-Test/ShadowImages/Grigor+Dimitrov+Legg+Mason+Tennis+Classic+f6LbS_YHtOml.jpg,data/SBU-shadow/SBU-Test/ShadowMasks/Grigor+Dimitrov+Legg+Mason+Tennis+Classic+f6LbS_YHtOml.png,3.3143878868292322,2.3685652561020567,13.145440976069162,0.16534768225031146,84,175,0.48,hard
IS-1cjdmw8dkq3q5,data/SBU-shadow/SBU-Test/ShadowImages/IS-1cjdmw8dkq3q5.jpg,data/SBU-shadow/SBU-Test/ShadowMasks/IS-1cjdmw8dkq3q5.png,3.3009086281800637,2.4797174152312214,11.164838187275903,0.23250416776817792,179,264,0.678030303030303,hard
Tennis-12,data/SBU-shadow/SBU-Test/ShadowImages/Tennis-12.jpg,data/SBU-shadow/SBU-Test/ShadowMasks/Tennis-12.png,3.272320941515327,2.8604807820734104,4.426958296936004,0.32075788713113423,133,158,0.8417721518987342,hard
IMG_8137,data/SBU-shadow/SBU-Test/ShadowImages/IMG_8137.jpg,data/SBU-shadow/SBU-Test/ShadowMasks/IMG_8137.png,3.2702631934319726,2.6939270783131617,9.609301161886226,0.2608116774384347,61,79,0.7721518987341772,hard
Victoria+Azarenka+Miami+Open+Tennis+Day+7+I_tYpgQ9H8gl,data/SBU-shadow/SBU-Test/ShadowImages/Victoria+Azarenka+Miami+Open+Tennis+Day+7+I_tYpgQ9H8gl.jpg,data/SBU-shadow/SBU-Test/ShadowMasks/Victoria+Azarenka+Miami+Open+Tennis+Day+7+I_tYpgQ9H8gl.png,3.258114306932597,2.3953712461950993,6.243298340876056,0.21796049847592852,83,186,0.44623655913978494,hard
b0826cfec2113cbd47ea09e6a23360a0_i-144,data/SBU-shadow/SBU-Test/ShadowImages/b0826cfec2113cbd47ea09e6a23360a0_i-144.jpg,data/SBU-shadow/SBU-Test/ShadowMasks/b0826cfec2113cbd47ea09e6a23360a0_i-144.png,3.248540395783305,2.598653161366836,12.355710940881792,0.22327142055875165,289,428,0.6752336448598131,hard
crysler_4,data/SBU-shadow/SBU-Test/ShadowImages/crysler_4.jpg,data/SBU-shadow/SBU-Test/ShadowMasks/crysler_4.png,3.1909515402487045,1.8734201643500272,7.045492179112495,0.1435904021325268,149,198,0.7525252525252525,hard
Spectacular-Custom-Wood-Deck-Gates,data/SBU-shadow/SBU-Test/ShadowImages/Spectacular-Custom-Wood-Deck-Gates.jpg,data/SBU-shadow/SBU-Test/ShadowMasks/Spectacular-Custom-Wood-Deck-Gates.png,3.163428464666115,2.5607953616776546,5.523257319185547,0.18185900185074905,43,43,1.0,hard
COCO_train2014_000000244353,data/SBU-shadow/SBU-Test/ShadowImages/COCO_train2014_000000244353.jpg,data/SBU-shadow/SBU-Test/ShadowMasks/COCO_train2014_000000244353.png,3.1239671382673504,2.186788221427869,14.63454853333398,0.2632641363918834,171,265,0.6452830188679245,hard
1434779249109,data/SBU-shadow/SBU-Test/ShadowImages/1434779249109.jpg,data/SBU-shadow/SBU-Test/ShadowMasks/1434779249109.png,3.1206898176903577,2.6898407155450315,7.845871010741121,0.14183804552796836,131,208,0.6298076923076923,hard
another-brick-in-the-wall_226162,data/SBU-shadow/SBU-Test/ShadowImages/another-brick-in-the-wall_226162.jpg,data/SBU-shadow/SBU-Test/ShadowMasks/another-brick-in-the-wall_226162.png,3.0707517633495063,2.056903307989341,9.496814180417209,0.26160410987145344,25,27,0.9259259259259259,hard
wood-deck,data/SBU-shadow/SBU-Test/ShadowImages/wood-deck.jpg,data/SBU-shadow/SBU-Test/ShadowMasks/wood-deck.png,3.035608871532899,2.3150735724548293,7.441189055138164,0.3397568081073621,106,136,0.7794117647058824,hard
blogger-image--55961240,data/SBU-shadow/SBU-Test/ShadowImages/blogger-image--55961240.jpg,data/SBU-shadow/SBU-Test/ShadowMasks/blogger-image--55961240.png,2.9310493076481006,2.5016549745448,3.5369460385929092,0.3638564305239505,104,133,0.7819548872180451,hard
17611850-standard,data/SBU-shadow/SBU-Test/ShadowImages/17611850-standard.jpg,data/SBU-shadow/SBU-Test/ShadowMasks/17611850-standard.png,2.88327964301004,2.2191028668440227,6.389266185587165,0.1454871683447328,112,215,0.5209302325581395,hard
oborudovanie-kovsh-LIEBHERR---2_big--13050310302190056500,data/SBU-shadow/SBU-Test/ShadowImages/oborudovanie-kovsh-LIEBHERR---2_big--13050310302190056500.jpg,data/SBU-shadow/SBU-Test/ShadowMasks/oborudovanie-kovsh-LIEBHERR---2_big--13050310302190056500.png,2.8421345517955023,2.1216401637944045,24.424866646705745,0.23048995528370142,101,164,0.6158536585365854,hard
5938814s-960,data/SBU-shadow/SBU-Test/ShadowImages/5938814s-960.jpg,data/SBU-shadow/SBU-Test/ShadowMasks/5938814s-960.png,2.8389352876746496,2.1346992186200047,7.971691454870145,0.27999321564508745,176,242,0.7272727272727273,hard
COCO_train2014_000000098031,data/SBU-shadow/SBU-Test/ShadowImages/COCO_train2014_000000098031.jpg,data/SBU-shadow/SBU-Test/ShadowMasks/COCO_train2014_000000098031.png,2.8343583263260466,2.3327413632872065,11.176582032297258,0.24705754430535934,124,203,0.6108374384236454,hard
ssulaiman_umbrella1,data/SBU-shadow/SBU-Test/ShadowImages/ssulaiman_umbrella1.jpg,data/SBU-shadow/SBU-Test/ShadowMasks/ssulaiman_umbrella1.png,2.801411028322672,2.3145842249653645,8.586280947707522,0.3698996218303457,78,161,0.484472049689441,hard
1649034869,data/SBU-shadow/SBU-Test/ShadowImages/1649034869.jpg,data/SBU-shadow/SBU-Test/ShadowMasks/1649034869.png,2.735909366414344,2.354006712449992,4.394980798699345,0.24460323815850873,87,128,0.6796875,hard
COCO_train2014_000000569829,data/SBU-shadow/SBU-Test/ShadowImages/COCO_train2014_000000569829.jpg,data/SBU-shadow/SBU-Test/ShadowMasks/COCO_train2014_000000569829.png,2.721582773142096,2.2394505205102297,6.559382777299866,0.23187093061979225,45,98,0.45918367346938777,hard
tovar-3273400,data/SBU-shadow/SBU-Test/ShadowImages/tovar-3273400.jpg,data/SBU-shadow/SBU-Test/ShadowMasks/tovar-3273400.png,2.6712145316313762,2.2330423833060205,20.784386490890597,0.3331724181633997,53,135,0.3925925925925926,hard
Brick Wall Clip Art_SFPortBrickWall_Off,data/SBU-shadow/SBU-Test/ShadowImages/Brick Wall Clip Art_SFPortBrickWall_Off.jpg,data/SBU-shadow/SBU-Test/ShadowMasks/Brick Wall Clip Art_SFPortBrickWall_Off.png,2.6707933064146747,2.163913032228029,5.911767870604339,0.1395271322949185,106,124,0.8548387096774194,hard
x47sc006,data/SBU-shadow/SBU-Test/ShadowImages/x47sc006.jpg,data/SBU-shadow/SBU-Test/ShadowMasks/x47sc006.png,2.6571804212474417,2.284227608247937,3.4611221154449616,0.46501572265926944,19,22,0.8636363636363636,hard
COCO_train2014_000000006338,data/SBU-shadow/SBU-Test/ShadowImages/COCO_train2014_000000006338.jpg,data/SBU-shadow/SBU-Test/ShadowMasks/COCO_train2014_000000006338.png,2.6477807008425165,1.9988085299639773,10.440767200766224,0.31640478062204935,89,141,0.6312056737588653,hard
f_2360803,data/SBU-shadow/SBU-Test/ShadowImages/f_2360803.jpg,data/SBU-shadow/SBU-Test/ShadowMasks/f_2360803.png,2.592440351655203,2.355524952883411,3.2079627059387112,0.3170052382952934,167,264,0.6325757575757576,hard
IMG_1340_10,data/SBU-shadow/SBU-Test/ShadowImages/IMG_1340_10.jpg,data/SBU-shadow/SBU-Test/ShadowMasks/IMG_1340_10.png,2.5912916499060223,2.250278542868638,5.80342746817237,0.38726118794504594,142,189,0.7513227513227513,hard
Miami+Open+Tennis+Day+6+VrSPDQiCT8Gl,data/SBU-shadow/SBU-Test/ShadowImages/Miami+Open+Tennis+Day+6+VrSPDQiCT8Gl.jpg,data/SBU-shadow/SBU-Test/ShadowMasks/Miami+Open+Tennis+Day+6+VrSPDQiCT8Gl.png,2.5911827687622493,1.8861459569109176,17.947248479641143,0.1539284511112462,53,121,0.4380165289256198,hard
p1030471,data/SBU-shadow/SBU-Test/ShadowImages/p1030471.jpg,data/SBU-shadow/SBU-Test/ShadowMasks/p1030471.png,2.567307652817198,2.041386785661562,6.322321790235514,0.3478274368206607,132,198,0.6666666666666666,hard
P1030135,data/SBU-shadow/SBU-Test/ShadowImages/P1030135.jpg,data/SBU-shadow/SBU-Test/ShadowMasks/P1030135.png,2.5627669261201245,2.231689139726619,3.5436440636334754,0.1477457808823112,62,261,0.23754789272030652,hard
free-wallpaper-13,data/SBU-shadow/SBU-Test/ShadowImages/free-wallpaper-13.jpg,data/SBU-shadow/SBU-Test/ShadowMasks/free-wallpaper-13.png,2.551446880726311,2.120321782140363,6.910380592516096,0.2612962822529241,148,173,0.8554913294797688,hard
Indianapolis+Tennis+Championships+Day+6+aiZSDPRuVGrl,data/SBU-shadow/SBU-Test/ShadowImages/Indianapolis+Tennis+Championships+Day+6+aiZSDPRuVGrl.jpg,data/SBU-shadow/SBU-Test/ShadowMasks/Indianapolis+Tennis+Championships+Day+6+aiZSDPRuVGrl.png,2.5510587348347347,1.9879556901800688,8.105324961998875,0.1820375705350417,86,174,0.4942528735632184,hard
dsc06402,data/SBU-shadow/SBU-Test/ShadowImages/dsc06402.jpg,data/SBU-shadow/SBU-Test/ShadowMasks/dsc06402.png,2.5368497835149926,2.166802037987558,3.2464789857095298,0.22759590894770157,38,83,0.4578313253012048,hard
Optimized-IMGP0273-2,data/SBU-shadow/SBU-Test/ShadowImages/Optimized-IMGP0273-2.jpg,data/SBU-shadow/SBU-Test/ShadowMasks/Optimized-IMGP0273-2.png,2.519230627810054,2.3594612279518192,3.5301180933505054,0.46628325311280605,96,109,0.8807339449541285,hard
Miami+Open+Tennis+Day+10+n9zaYzLB9vil,data/SBU-shadow/SBU-Test/ShadowImages/Miami+Open+Tennis+Day+10+n9zaYzLB9vil.jpg,data/SBU-shadow/SBU-Test/ShadowMasks/Miami+Open+Tennis+Day+10+n9zaYzLB9vil.png,2.51091150813658,2.14556290813136,3.4819629037704205,0.08952712383349726,49,151,0.32450331125827814,hard
56059996,data/SBU-shadow/SBU-Test/ShadowImages/56059996.jpg,data/SBU-shadow/SBU-Test/ShadowMasks/56059996.png,2.485102284722811,2.390887534741963,2.721301448307999,0.3226356861439622,173,295,0.5864406779661017,hard
pools-designrulz___,data/SBU-shadow/SBU-Test/ShadowImages/pools-designrulz___.jpg,data/SBU-shadow/SBU-Test/ShadowMasks/pools-designrulz___.png,2.4786544432922124,2.0813670562640048,3.439565206551685,0.3857519136544725,271,333,0.8138138138138138,hard
lZcuFbITgrk,data/SBU-shadow/SBU-Test/ShadowImages/lZcuFbITgrk.jpg,data/SBU-shadow/SBU-Test/ShadowMasks/lZcuFbITgrk.png,2.4154597912709614,2.0450761039339085,13.841807016359466,0.16884511444930053,57,83,0.6867469879518072,hard
chiropractor-market-harborough-tennis-injuries,data/SBU-shadow/SBU-Test/ShadowImages/chiropractor-market-harborough-tennis-injuries.jpg,data/SBU-shadow/SBU-Test/ShadowMasks/chiropractor-market-harborough-tennis-injuries.png,2.392540926287534,2.1463224614539653,2.869298930801264,0.2935982911401154,81,166,0.4879518072289157,hard
parsons-white-oak-dining,data/SBU-shadow/SBU-Test/ShadowImages/parsons-white-oak-dining.jpg,data/SBU-shadow/SBU-Test/ShadowMasks/parsons-white-oak-dining.png,2.3019449783486134,2.0421489031933615,2.7854306475136363,0.15599838589334222,77,80,0.9625,hard
COCO_train2014_000000303213,data/SBU-shadow/SBU-Test/ShadowImages/COCO_train2014_000000303213.jpg,data/SBU-shadow/SBU-Test/ShadowMasks/COCO_train2014_000000303213.png,2.2699107551631457,1.9999295558582886,6.286495162647757,0.2450692056047058,53,93,0.5698924731182796,hard
COCO_train2014_000000514155,data/SBU-shadow/SBU-Test/ShadowImages/COCO_train2014_000000514155.jpg,data/SBU-shadow/SBU-Test/ShadowMasks/COCO_train2014_000000514155.png,2.1968975673211655,2.0915410264743706,6.802754477700698,0.32714864849765796,74,104,0.7115384615384616,hard
o_19eslo87l1l5t14utaiks621s8e1e,data/SBU-shadow/SBU-Test/ShadowImages/o_19eslo87l1l5t14utaiks621s8e1e.jpg,data/SBU-shadow/SBU-Test/ShadowMasks/o_19eslo87l1l5t14utaiks621s8e1e.png,1.473623033909781,1.343191197467008,1.8075723715024086,0.18609466729950241,66,69,0.9565217391304348,hard
